file_id,file_size,global_entropy,block_mean_entropy,block_std_entropy,block_entropy_range,byte_skewness,byte_kurtosis,ascii_ratio,digit_ratio,uppercase_ratio,lowercase_ratio,symbol_ratio,null_ratio,non_printable_ratio,byte_mean,byte_std,line_count,avg_line_length,empty_line_ratio,max_line_length,hist_bin_0,hist_bin_1,hist_bin_2,hist_bin_3,hist_bin_4,hist_bin_5,hist_bin_6,hist_bin_7,label
benign_math_05,966,4.618131390724777,4.566424995398362,0.0826650231489578,0.1169059968711421,-0.7652369937525122,-1.0894819392382546,0.9440993788819876,0.0175983436853002,0.005175983436853,0.6325051759834368,0.1014492753623188,0.0,0.0559006211180124,82.68012422360249,35.6755879554634,27,33.77777777777778,0.1851851851851851,83.0,0.0559006211180124,0.2701863354037267,0.0331262939958592,0.6407867494824017,0.0,0.0,0.0,0.0,0
benign_long_01,9487,4.974672880689669,4.682513532978289,0.2526956550804095,1.1988863057592116,-0.6404052718674005,-1.1198934632891178,0.9399177822283123,0.02498155370507,0.0464846632233582,0.5615052176662801,0.1427216190576578,0.0,0.0600822177716875,80.1548434700116,34.5466346056214,285,31.28771929824561,0.2491228070175438,86.0,0.0600822177716875,0.3034679034468219,0.0741014019184146,0.5623484768630758,0.0,0.0,0.0,0.0,0
synth_benign_json_92,4395,5.329128593337101,5.044986693506744,0.5468238520895412,1.6631660034387725,-0.44061472905207394,-1.2073281966824612,0.9994592891906623,0.01954667217826088,0.025104538085163056,0.3509543846892976,0.2026695059711287,0.0,0.03582703343539683,73.44695664931903,44.920643688270786,146,30.102739726027398,0.177162696749195,91.32813243117809,0.1119188517681607,0.18754394666399957,0.03061889921654913,0.076332990315688,0.09081352815807728,0.07254319257666761,0.27648056018481904,0.15374803111603866,0
synth_benign_python_55,6493,4.8821646265452285,4.762306629695329,0.256359328063008,0.7270231792061163,-0.2936947846481458,-1.2246560367422312,0.9985314997888478,0.03806499946020012,0.045193688424623256,0.36127720044762346,0.13206794031196667,0.0,0.006531204184665424,76.99890906988858,31.499380872255273,151,43.0,0.19357416978011222,131.2390321163982,0.11575879327871547,0.04112202972497815,0.09936254857254852,0.09738679043877851,0.10967938370241091,0.3052165177019489,0.07971140557519793,0.15176253100542164,0
synth_benign_xml_43,4959,5.073474887237799,4.959696205227111,0.3329946609509663,1.2162495367985318,-0.7493326629032496,-1.0374818631329281,0.9381952722792275,0.0816374314078446,0.03682448658310829,0.518470399474764,0.13127580246876547,0.0,0.03237225978145133,75.28556920900436,40.3560195496225,84,59.035714285714285,0.15052966342713514,186.89287042567975,0.009522843889027547,0.21314825218415945,0.16930498173530026,0.22294715639732907,0.14893654188048766,0.048389241538711866,0.12592596435740216,0.06182501801758194,0
synth_benign_cli_22,3621,4.700876369158114,4.530192719665588,0.21623076538350575,0.7459999704695108,-0.6662335549141862,-1.484736063216301,0.9155193561108536,0.03625472257361131,0.019925456663411265,0.6694889563568471,0.13567556381914964,0.0,0.010788094999204079,74.33230731524515,32.53122696117856,164,22.079268292682926,0.1393361022465413,35.15962853397328,0.18828560144818587,0.09022019297281896,0.09747382555843681,0.14710469660148834,0.18903162410189678,0.15524088317086338,0.1106800911228982,0.021963085023411655,0
synth_benign_cli_120,6203,4.264527265552436,4.138815738418394,0.4851920719312819,1.6743630928364013,-0.29296348950395834,-1.4825350031477016,0.9359432252946305,0.0034712868946919218,0.014833053766796368,0.6458163413582272,0.09762440668042627,0.0,0.029802263182895812,69.21086380220368,39.06349639750982,112,55.38392857142857,0.07964599537996489,150.90647045970942,0.12133244274845342,0.09362994828278573,0.017445697253889673,0.07048712773126987,0.13706120295592683,0.2277872543630482,0.14299827731294776,0.1892580493516786,0
synth_benign_xml_154,9148,4.9189060899372645,4.524116030352772,0.507596194002758,1.8786029718469028,-0.4765377320219059,-1.3404066522869864,0.9073551867865035,0.046115903802518315,0.0383852627397318,0.6984419652104404,0.2347574324735773,0.0,0.00966392220839406,72.17047955687575,38.41929309687845,247,37.036437246963565,0.21572454636036315,124.14695636559946,0.12993823157898593,0.08194857148607122,0.21747849216498732,0.11456920099587904,0.2343200882330909,0.04376494745807359,0.10964396246915623,0.06833650561375583,0
synth_benign_md_177,2918,3.7461564291003167,3.4857252856160783,0.4866672405073804,0.9990228270557497,-0.27015958938012585,-1.3082564329926987,0.9499883777464337,0.021097074707841636,0.049433812907108986,0.3385647703763224,0.13118029168235812,0.0,0.027842693918022677,71.324246052853,44.92351412102145,59,49.45762711864407,0.2453027414192095,173.94915951213673,0.07981697536560571,0.22354286485037073,0.032250231840495615,0.27855897248797107,0.17733455049907673,0.0784295281862495,0.07020843259048783,0.059858444179742946,0
synth_benign_txt_157,3465,4.21378617984201,3.8629404593777674,0.23151020790486623,0.6132872553918113,-0.7631981296754767,-1.520149103152623,0.9827301938198774,0.032584983576323466,0.03301367657365725,0.3374348877809867,0.10577126716970647,0.0,0.026439780603455254,75.6363721063099,32.011397585853885,138,25.108695652173914,0.24627325521055443,90.29750263060346,0.10978567656253566,0.14837671373231978,0.14313840186183993,0.11806554770186499,0.12261646491361286,0.13344942791014486,0.09296743070727431,0.1316003366104075,0
synth_benign_json_46,6330,3.944802084558029,3.685637208574327,0.30988069154695563,1.1685045531144573,-0.4099391841210402,-1.5778478686559907,0.984402713256176,0.051795564422462255,0.012756873609395605,0.4911360719627298,0.16658115925187061,0.0,0.03179435657230235,67.46177135568549,37.64419991944162,126,50.23809523809524,0.15228681369430114,88.30654524676251,0.1259673890335411,0.11884909431595153,0.22260084414812495,0.14667689045650517,0.03674376566751348,0.1479047823476052,0.14965456546043956,0.05160266857031893,0
synth_benign_yaml_139,8406,4.486426747221615,4.3459913359842925,0.564335884487465,2.1068365611712876,-0.2843612167250552,-1.7938964214142175,0.9814995464540555,0.08915616106771637,0.025314467342368682,0.33272784960334123,0.18439010541008077,0.0,0.001989513725837688,83.41432791051349,34.702114529553874,175,48.034285714285716,0.057180943253117046,165.28133611998297,0.23037663911234588,0.0644863084612725,0.037437392148862124,0.07400393393299154,0.03257225376728005,0.2734474376246652,0.269015277407834,0.018660757544748614,0
synth_benign_xml_143,5447,5.46984681390766,5.181346500896163,0.5683796014983477,2.0955081004609286,-0.5559782514412506,-1.0480454727805943,0.9904989202128515,0.08216072887549894,0.04169771369324468,0.35782658692102776,0.1088669988826115,0.0,0.029376653908857277,78.48379155203327,31.790150856523717,170,32.04117647058823,0.1667231660779943,58.348520723250665,0.14632251734783863,0.1556740635933331,0.0666057098274142,0.2359485672317744,0.037121847920682155,0.18247919982424815,0.08122169434951274,0.0946263999051968,0
synth_benign_python_164,4391,4.851836818168228,4.541515803345889,0.1633530052585597,0.4212176144116736,-0.5779179577507066,-1.2090729585865616,0.9171810193567639,0.01997081263741797,0.03604202233577722,0.583942637084125,0.0788151173625392,0.0,0.00607619946999129,82.24884404776242,38.62094677480461,209,21.00956937799043,0.08765702850588544,38.46729435541327,0.20553521066323827,0.12552588851040766,0.1492215026834769,0.08619640839792299,0.041426484208112714,0.13263615655165265,0.11605746246066177,0.14340088652452707,0
synth_benign_log_33,18439,3.9130242448049257,3.6132927877463956,0.2384297448216657,0.6873907046240403,-0.5277434981760838,-1.606511271022695,0.9734910624507809,0.22441130811239468,0.03837228850698189,0.6912874903443903,0.07193416638599394,0.0,0.04692721265345278,78.39554657804793,36.35625049278389,211,87.38862559241706,0.17923205213343346,210.48163228132353,0.22236458137032888,0.1651371382992042,0.018698996835975146,0.007521419198881932,0.10925776602043863,0.2264143670262353,0.11632445072595472,0.13428128052298122,0
synth_benign_json_167,617,4.339956139075428,4.1690985492567245,0.27416878240316855,0.6074247378423916,-0.6337393534054275,-1.0437186281180006,0.9265309572208786,0.05228460602687559,0.026243018731261662,0.4630954707920673,0.23788235218687653,0.0,0.03486721320315044,82.44178750631391,30.11730953705942,18,34.27777777777778,0.07025231096942619,54.14389053889263,0.12218114740470777,0.04766347113594235,0.05946006142378226,0.22714943090252324,0.0464815434378477,0.12849252719766224,0.19031312623884603,0.17825869225868846,0
benign_text_02,1157,4.49235128269131,4.43805566319381,0.1656037769446705,0.2999207587409627,-0.3463140769635146,-1.6283127707517515,0.9256698357821952,0.006914433880726,0.003457216940363,0.5350043215211755,0.1132238547968885,0.0,0.0743301642178046,75.08729472774417,38.41267283178398,43,24.906976744186046,0.1162790697674418,60.0,0.0743301642178046,0.3535004321521175,0.0371650821089023,0.5350043215211755,0.0,0.0,0.0,0.0,0
synth_benign_log_56,3735,5.100814491791501,4.934287462568154,0.20724347130351214,0.4507093234167682,-0.34613473347376517,-1.4038378776624874,0.9394196112784554,0.05522863348353339,0.040064805798265844,0.3278554044538574,0.11340975877489397,0.0,0.0012778637259649008,80.97758251531164,37.30976447251738,38,98.28947368421052,0.24069213684878726,187.73113702816573,0.0011169111348859702,0.11934143322636291,0.12189883112153257,0.17955826641695025,0.21689624843987987,0.18244501462056475,0.058848063023420646,0.11989523201640306,0
synth_benign_xml_32,2223,5.39936295089664,5.235778427714175,0.38342399884781675,0.9788281431633937,-0.20376685988282173,-1.3537150052626274,0.9854929763865112,0.03997954580939452,0.04702140625474002,0.3774970346047737,0.10556538777887824,0.0,0.03401555891800644,70.26232205159248,38.819680688208685,39,57.0,0.23307367986053312,170.8829728010289,0.19390107225631684,0.08926644194439898,0.24596421860102807,0.08984091568166774,0.17097309760117985,0.022056672893883973,0.06872402911357395,0.11927355190795068,0
synth_benign_sql_122,3589,5.084997247325399,4.795092737856201,0.4810077640412308,1.8316414278620394,-0.30784668407491805,-1.3970135930121845,0.974070004301022,0.030668991857747237,0.038352168146985076,0.6750888515259077,0.09141621037044473,0.0,0.012574331900140252,70.83901553087308,43.03186062252678,87,41.252873563218394,0.1296242965620789,108.10725580211228,0.005941602081670295,0.018509836933464002,0.30142857482929947,0.32442114843742204,0.041763860671498114,0.16198522587084824,0.14244235066136673,0.0035074005144311872,0
synth_benign_txt_153,1064,3.8761940088659306,3.5437888145761547,0.2359574703607533,0.5420068861331664,-0.4847364720967681,-1.1272639970663094,0.9968737314330632,0.01826709634512242,0.018956482536032236,0.3982889222300355,0.09568654465084592,0.0,0.03029907013730449,79.57689898596571,37.38832544446193,27,39.407407407407405,0.07312246458642238,115.63415134221388,0.15167048908565814,0.08609060177874067,0.09799000719487379,0.092152224677625,0.19228781529421135,0.16592426396329452,0.039295682074708696,0.1745889159308878,0
synth_benign_ini_74,4180,4.329570171530625,4.109430158473081,0.38887412604064253,1.2585531281228897,-0.4171437172852625,-1.6014054616083242,0.9822392527588428,0.00910667186900308,0.035011087184299454,0.32944774123916837,0.12638457475556264,0.0,0.02191485658606018,84.68580064645487,43.58091244467217,78,53.58974358974359,0.11765766009257661,118.14424377343556,0.17321801355327737,0.037924845353177555,0.1496376408442429,0.11583232104844671,0.12875822884811178,0.13345343957123684,0.06260925987641953,0.1985662509050873,0
synth_benign_sql_72,846,4.38985377471873,4.168441062753087,0.5958962822496826,2.1904988764809747,-0.54529038155203,-1.1806294946043123,0.9428405550767446,0.003731477947405543,0.04527299821323661,0.58228181168475,0.05129088044697721,0.0,0.012507867952973728,79.67756361647332,32.89570880005696,22,38.45454545454545,0.15678273300151058,113.05298065538221,0.18588614360647018,0.20071094987546073,0.14310798173742167,0.07331353212157135,0.10428375617066495,0.1352323317636413,0.10339489350855079,0.054070411216219125,0
synth_benign_log_7,14066,4.172716470315725,3.825947412158155,0.31836012361148436,1.255804368792679,-0.4108798800343081,-1.01759391432221,0.9692291010723264,0.23884628629911092,0.030610907687918146,0.3678512354986596,0.07642136686780693,0.0,0.043598208555392134,76.8728223044144,39.908834972579854,129,109.03875968992249,0.11866615144947051,291.0600280393884,0.0037694858516964455,0.20529062617557267,0.05313028792118528,0.19072906525187702,0.09383485740600699,0.176559195171681,0.1619041795427985,0.11478230267918199,0
synth_benign_xml_103,6323,5.386833184562845,5.125006885637593,0.42945954310912904,1.0444675789470963,-0.6082979227490007,-1.092544999636054,0.9597400785344341,0.010297556305151731,0.044097318380658876,0.38124250347914446,0.13353909563117955,0.0,0.007310326940490092,67.20941553721171,41.721867272088744,107,59.09345794392523,0.055347465721717226,230.36264758985112,0.03349905217963323,0.03723371779998865,0.00445345263250159,0.2363486635493523,0.214504586884771,0.2030677208979724,0.18415591034934403,0.08673689570643678,0
benign_math_utils,1985,4.588474594923479,4.469572073492902,0.1590265435314247,0.3519270654508215,-0.2409647965933596,-1.691722262222163,0.9335012594458438,0.016624685138539,0.0136020151133501,0.5073047858942066,0.1214105793450881,0.0,0.0664987405541561,74.1234256926952,38.69343933028821,66,28.07575757575757,0.1818181818181818,67.0,0.0664987405541561,0.3818639798488665,0.0241813602015113,0.527455919395466,0.0,0.0,0.0,0.0,0
synth_benign_sql_150,4148,4.863057107609594,4.522002367129323,0.1599228128285696,0.4629845798583925,-0.6821732764598247,-1.0705060492539515,0.9129281039745105,0.02991307602168855,0.037718344966738364,0.4687660291143997,0.09433301944419695,0.0,0.04929715225057096,73.4633188778138,30.28169710386986,118,35.152542372881356,0.06861877379366377,125.77572858674455,0.20338160617760098,0.13392496682461544,0.18621225136921687,0.07307402253747748,0.09404892234011117,0.15903672328347165,0.015044733113562978,0.13527677435394328,0
synth_benign_json_63,2139,3.8137943408611283,3.6420751400412135,0.595476752459235,1.9909210116468217,-0.657779938136934,-1.4980374878382148,0.9570602891495461,0.09022162346440031,0.010897821778885644,0.5515029504679982,0.16101419755649563,0.0,0.030614036715371752,73.01504844164741,36.73680429356826,46,46.5,0.16577892256701654,109.84980309387038,0.12962599171998884,0.00704240463244608,0.1866773356286289,0.14751652329874276,0.20973534242296826,0.08020600321900377,0.09947937108747767,0.13971702799074373,0
synth_benign_sql_140,4768,4.400439933140371,4.140382578220085,0.31168772395280964,1.1243068282934774,-0.5717589266434039,-1.239276282264496,0.9215928911176677,0.03568529566474555,0.03864784540184144,0.3315565621257294,0.11152339004609013,0.0,0.042000908042531614,76.3000526492591,39.76831262664933,103,46.29126213592233,0.16311612073537274,184.5530697539426,0.10627394615912207,0.04427185383475862,0.10270163076721879,0.19065366845142623,0.11534369011471035,0.16915483172562792,0.13371453198418673,0.13788584696294937,0
synth_benign_sql_101,1417,4.6951880365626115,4.431976477884684,0.47260135535816994,1.136512544817098,-0.5570442359194467,-1.4659378529951217,0.916651353939549,0.03481310771496293,0.02944498889036544,0.3679577094337725,0.10513092878883928,0.0,0.0326031806648217,83.0201084906441,41.07812220494321,25,56.68,0.21836307418591122,113.4998805600894,0.060332648103882155,0.19751487722854308,0.26768864024846734,0.11952661071993932,0.1943208715012518,0.07132073149093301,0.0029785007938351255,0.08631711991314829,0
synth_benign_json_42,9685,4.597067386219036,4.212407902376974,0.2024628131271424,0.7405877666368508,-0.25587088488693255,-1.2232902649201023,0.9094732724503354,0.06779649216695714,0.04798149931995973,0.4888341914249281,0.14165871368553734,0.0,0.0033875788508942687,78.74892909239134,38.78326603401794,149,65.0,0.21366762736655992,259.20297083322555,0.15128874473979503,0.16360103541392265,0.0029919110756766766,0.014866040118496545,0.1927937635031695,0.22058731841906454,0.0996331293384756,0.15423805739139956,0
synth_benign_cli_45,6189,4.976076572047614,4.676483537063336,0.5718647921533233,1.2074212681536847,-0.7192860128979521,-1.5005582036623428,0.9106449694357546,0.008487828288475774,0.030320695843145486,0.4345736444381055,0.09895017347743545,0.0,0.012800192764760432,65.28574780059891,43.996202713091265,213,29.056338028169016,0.2063159958936338,80.7515347055693,0.1537683079145123,0.03303127580191092,0.2605660063139227,0.09584286441550297,0.16679690337712114,0.006551808949625071,0.22162189478673916,0.061820938440665635,0
synth_benign_ini_104,852,5.141792915244089,4.801556244369324,0.43293940628099414,1.4579013190606214,-0.7187128439240589,-1.3747386004619,0.9354250194870826,0.01631995117798658,0.03116892692450765,0.48907993603147937,0.12376785655521362,0.0,0.021905183354527402,79.17980382337093,35.19181683209954,25,34.08,0.08022200032078922,120.42805586569477,0.12749538950074957,0.05318450369211059,0.10301005708297656,0.08077506290695126,0.1618133676295712,0.05571727800808416,0.22470984992466614,0.19329449125489057,0
synth_benign_json_44,7831,4.812443659453615,4.471976095872137,0.5527004275551373,1.5071892471100243,-0.4056456172402007,-1.0394161612165538,0.9173352809037689,0.08208342608490574,0.021121480293783895,0.4342861256001269,0.2116654092871923,0.0,0.03275356282748432,68.63596337257928,43.89939118810612,100,78.31,0.16579412615661565,136.22762073192527,0.21035337533251067,0.17702176635900804,0.15277070902260406,0.13523996275541572,0.1432612621418,0.06461386418575467,0.028500592040929636,0.08823846816197731,0
synth_benign_ini_53,1928,3.5668144457983937,3.383289420080224,0.3026086160400757,1.2075195334117441,-0.3918579746205665,-1.5458530898942007,0.949835844279177,0.02091049519339326,0.039399927941156605,0.37319784352712626,0.055644138606507576,0.0,0.015985703034807376,81.75184961456978,31.829316316928384,60,32.13333333333333,0.07311515722269729,50.679369067579366,0.10632057428335262,0.11164837637176546,0.24793185629981213,0.033727092938790046,0.09369114166420918,0.10326829577254204,0.06625722139621641,0.23715544127331212,0
synth_benign_xml_77,8312,3.6805897614705683,3.5223215487836903,0.5400141415218098,1.6088944678338835,-0.4569254309347965,-1.6050931523883376,0.9860462861223454,0.042367636207396954,0.04442346493744957,0.410238418444517,0.22856892345021146,0.0,0.025058602893332012,81.29260494578511,33.86743868954997,244,34.0655737704918,0.15298454424052377,127.35872706934276,0.215106958755389,0.055992544594380335,0.2534229323019689,0.01784524247640015,0.14770768978336968,0.15049563625393106,0.10839778384436972,0.05103121199019111,0
synth_benign_yaml_116,8068,5.237919924919886,5.0158633817573195,0.14760410325156134,0.5017889220963426,-0.6859525928372394,-1.575010644481965,0.9568502536272105,0.06323083081409142,0.025904864819471532,0.34192746654794326,0.13029497733709774,0.0,0.02396644137946037,81.68597830595172,41.89786285253152,155,52.05161290322581,0.12414128996896966,107.76559677848452,0.18540189757973047,0.0765454815669601,0.14685961340732873,0.0450041783265636,0.195930084623695,0.15399472354523056,0.09533863537277115,0.1009253855777203,0
synth_benign_txt_114,1145,4.883406142974031,4.510281879109234,0.21617651679631486,0.49154772174732614,-0.5207334443498888,-1.4268859082061671,0.9001683067415645,0.008443467010193651,0.020100038413949972,0.3464938062096153,0.11974711934129358,0.0,0.01117971682225724,82.57960562789883,31.684793213859923,24,47.708333333333336,0.16540974122707686,76.36523387596691,0.08983330114846035,0.15904421853952413,0.19638682339909577,0.01171409615156395,0.15175490123513305,0.12667610612113953,0.16072377634884255,0.10386677705624067,0
synth_benign_yaml_142,5694,3.7624725164243036,3.378261730622601,0.3917347687153363,1.5520279215656518,-0.42861719395163916,-1.6902708694595516,0.9372347669326249,0.07019648898272643,0.023495143585154768,0.6498469223260968,0.19605270998001023,0.0,0.031068049574326597,70.6652192810867,32.42878077239571,83,68.60240963855422,0.1393968748702729,176.66167873049017,0.26511921002467964,0.06608110025618859,0.09379433465681264,0.22469819457167253,0.01914281310508276,0.19876413087035336,0.04450692497751959,0.08789329153769072,0
synth_benign_python_61,3733,3.726695835295743,3.3356151069909554,0.12464807137488451,0.38953824886551547,-0.49192737775951323,-1.2606955926847734,0.9788458875468344,0.03988988192633741,0.03522533268585855,0.5750165808693739,0.10772188699256485,0.0,0.012263695189382001,67.8625262754524,30.362344451766884,66,56.56060606060606,0.0911064792459207,124.3056656220978,0.18895895030602747,0.13777312423218632,0.05917191614090487,0.16257749243061156,0.13760828659792793,0.058604507858575405,0.08128367609683518,0.17402204633693136,0
synth_benign_json_59,5610,5.48623548666071,5.325719588443379,0.17393192350151734,0.47392769979761923,-0.6453060599028657,-1.6769942871232413,0.910732807704526,0.07524539076422113,0.03863013718890482,0.4316447811751723,0.11168972566871448,0.0,0.028570194323992232,73.96769564898632,41.59224428862624,95,59.05263157894737,0.237739519833015,90.82524659396128,0.09002196218509287,0.1515101950223598,0.041162681838564016,0.11584119185532499,0.16028390179601998,0.11796012400469533,0.20098533380990413,0.12223460948803898,0
synth_benign_csv_175,16193,3.5537135684588987,3.182291128830683,0.1756508900335014,0.4683936959650386,-0.4151122320059533,-1.1969393324922728,0.962021390668315,0.17937422459724384,0.03813791722082686,0.4846193140380729,0.06254048727509767,0.0,0.028026680736744115,69.38314380618934,34.442809917820625,112,144.58035714285714,0.1946786151148756,511.0167665516338,0.25323642659591444,0.2581049503952564,0.05776634154630889,0.06563606792564831,0.07841463377622684,0.052741296520532326,0.04749037370098451,0.18660990953912818,0
synth_benign_csv_70,14445,4.826576874883283,4.444755314824469,0.328704307819764,0.7150539374029427,-0.4704715033392878,-1.5775879087106763,0.9145988062566591,0.0612557653175103,0.018273073991011697,0.3278126883866645,0.12676912968851933,0.0,0.04813301189567584,78.24701628398051,36.01822632600983,99,145.9090909090909,0.1376380466470088,402.45028812722546,0.11084536006151258,0.06490101421497106,0.12951945755601668,0.05312186860040819,0.1797454634106243,0.22080542113476306,0.19068839756669187,0.050373017455012284,0
synth_benign_md_15,7305,4.283499074499258,3.910755529834926,0.48252644187067695,1.8724880071008183,-0.3508235445198386,-1.584419324109023,0.9268851108835027,0.0012322251417383858,0.04224298678400535,0.3319993868251626,0.11823599965129096,0.0,0.033173802976368835,66.69366312609976,36.12653012231909,235,31.085106382978722,0.18642866834501787,116.56986176712476,0.08367609876870796,0.0985561583291936,0.038933280018696115,0.1602142187991246,0.11779494079503065,0.21675465601313654,0.17779660952273327,0.1062740377533774,0
synth_benign_csv_1,18865,5.0558365417576,4.782202634776109,0.22044264762506935,0.7025165076937097,-0.48900759101937724,-1.5154428444175567,0.9577223638471025,0.25859213957491806,0.048383702153745954,0.4661122512666891,0.0940978194788939,0.0,0.012421860872044456,70.64179869539517,40.27147240650429,248,76.06854838709677,0.12868039615314886,282.99116085565663,0.21795099929457104,0.19007003021545368,0.15379002390272753,0.13996190149346774,0.08596589507596225,0.15809585227076656,0.05104452091857369,0.003120776828477499,0
synth_benign_json_73,4965,4.793931995187834,4.452997736197046,0.16316886438380343,0.551240380837591,-0.2559299643017142,-1.032647519865862,0.9888880338012606,0.027417674925258498,0.021215266131871725,0.6752194565006071,0.12665586994929368,0.0,0.039967634835011555,73.04792899190622,34.84660476997378,88,56.42045454545455,0.175068878146591,219.78990556377394,0.10864418126043429,0.24697055714348162,0.11889945133640095,0.11684880056523618,0.04115570877349005,0.0576562174734247,0.24351115087808767,0.0663139325694445,0
synth_benign_cli_88,3744,4.170411770324806,3.8034552004861206,0.5182477258234091,1.483283242051991,-0.3751173158445842,-1.1505295678498422,0.9322263898059666,0.007966261696457177,0.04413969036377698,0.4838294500086937,0.09004822297057954,0.0,0.016697093336658204,76.15963129319208,44.18429164112429,144,26.0,0.08935239094474584,79.25066133031814,0.2085689438167608,0.15507765339975593,0.06774121324744477,0.06187711622890928,0.21414294791522384,0.0746775940592118,0.19572996284988536,0.022184568482808212,0
synth_benign_json_6,5484,4.96082983651324,4.582420551299306,0.4630876462838085,1.173855022187112,-0.36342404049761634,-1.7577074892632856,0.9117882716211302,0.01989815641796379,0.047451549775567106,0.36093320445240246,0.19520715781486386,0.0,0.02739946470344319,84.24698895923007,30.956454863653413,161,34.06211180124224,0.12469659575549388,61.22247306926045,0.015643081867771177,0.05605470796363783,0.12672967756592948,0.23709436131487732,0.013248468319039324,0.24742500888384228,0.16558980724975267,0.13821488683514996,0
benign_text_03,1199,4.652154533652594,4.53741924588754,0.0206623257996498,0.0384032274011802,-0.5984392285107751,-1.3741236020275849,0.9316096747289409,0.0041701417848206,0.0016680567139282,0.5888240200166805,0.0967472894078398,0.0,0.0683903252710592,80.03836530442035,37.73922013781559,41,27.24390243902439,0.1951219512195122,82.0,0.0683903252710592,0.2960800667222685,0.0433694745621351,0.5921601334445371,0.0,0.0,0.0,0.0,0
synth_benign_md_37,4209,5.310823666310356,5.07793875416616,0.4308661705937671,1.4335439822027576,-0.5501399496834593,-1.2083550041448006,0.9623874449622601,0.03942528496609693,0.049533262695154685,0.6032822395485256,0.07923856709079072,0.0,0.02523133094367971,71.20883909650756,33.26249375382204,175,24.05142857142857,0.06522046134842503,77.7505552702375,0.13493328817024264,0.13957830299400703,0.18492689930111378,0.18475367672140702,0.09604467872618978,0.10372958991398228,0.07721128227075727,0.0788222819023003,0
synth_benign_log_131,7393,3.593773826026335,3.2094346199551484,0.20726787214411932,0.7875370110800133,-0.7614931196179104,-1.7238186324580533,0.9666561810773417,0.20989800590647462,0.04139757392022259,0.46156105957480487,0.08436055542188377,0.0,0.019344592832578507,79.4092005463386,31.368466107944087,64,115.515625,0.183268016038162,225.57225761834155,0.07594278773975204,0.2416318485307038,0.019354444834811725,0.18972662839290144,0.19499390155516655,0.015111705145985229,0.25436029783194714,0.00887838596873205,0
synth_benign_python_144,7127,3.886095004837113,3.6360371802320084,0.564438313879509,1.210536537163237,-0.20623814554412412,-1.6496173806663057,0.9891403584845497,0.030013185981836006,0.023946049330635485,0.5668435380119913,0.10595390366329652,0.0,0.02873378056761504,79.32683094866222,31.306659839149614,129,55.248062015503876,0.18309322731563543,140.36858991598814,0.07189375588258398,0.19917429630558312,0.08157963684345207,0.07139424942095447,0.22854795248017015,0.019597507827279478,0.09420765805492792,0.2336049431850487,0
synth_benign_csv_67,16578,4.046252185628822,3.856512188056408,0.18305760513759897,0.5234180222199781,-0.29047956917546247,-1.095335817070724,0.9198388798294108,0.17476473414060778,0.01858806633324698,0.3553366999884041,0.05225042179642132,0.0,0.012836885880708727,66.27159590369814,31.3497222074978,157,105.59235668789809,0.07937192094083563,238.23620648381845,0.24396503597047478,0.09210258962924653,0.12772986387693847,0.13866602425064622,0.037162692831932534,0.22568595193745658,0.07143770396670635,0.06325013753659867,0
benign_config_01,2330,4.254902722198767,4.170043184567176,0.4345422934274359,1.079862235314747,0.1863577082629366,-1.686848708578789,0.9278969957081544,0.0137339055793991,0.0412017167381974,0.3789699570815451,0.1248927038626609,0.0,0.0721030042918454,64.98369098712446,37.967500108490185,84,25.73809523809524,0.0476190476190476,78.0,0.0721030042918454,0.4733905579399141,0.0660944206008583,0.388412017167382,0.0,0.0,0.0,0.0,0
synth_benign_ini_105,3359,5.022963195187512,4.744451889060594,0.1365804519893686,0.4956448970019524,-0.5860553225193035,-1.5116740652581857,0.9352279150592941,0.022042438971475672,0.03619257252674959,0.6134349125218881,0.13238304051222938,0.0,0.00018745739721552914,82.60349107892013,35.62895788203346,119,28.22689075630252,0.202539636870678,93.26155667138727,0.2005895938930089,0.058619500975812394,0.0021971050650300616,0.13781140050722485,0.2407764515734055,0.22874317109013315,0.12424281312786617,0.0070199637675190125,0
synth_benign_yaml_95,9619,4.749418986393984,4.4861879665111895,0.4927692379297933,1.2761190051217608,-0.6690971332467048,-1.372864325780947,0.9802441798091541,0.050382876009383924,0.02274846405915652,0.4056191688490885,0.16472160525480967,0.0,0.049916859177825665,66.57670623887853,43.0951576674465,165,58.2969696969697,0.16580708775801695,211.02812606940708,0.22638408516939618,0.1645657811339747,0.1948346726383582,0.0006518951325741509,0.10795595057300861,0.14239138808979962,0.12184409951988638,0.04137212774300239,0
synth_benign_sql_169,3262,4.924477204137025,4.673438594379434,0.1627875481774462,0.5809003915914202,-0.21880982352824185,-1.221509602516997,0.9088572169612026,0.0013909583729709131,0.04969982197312739,0.5062350818010083,0.149207232470038,0.0,0.039006577875140676,67.3300956383086,39.24039637416846,112,29.125,0.06445860424030475,71.03938225709791,0.06270885185152204,0.1719461110896736,0.15893513486853628,0.04539250029348416,0.1576568680922708,0.19086432400452844,0.16473912934017523,0.04775708045980944,0
synth_benign_cli_119,4249,3.5402356605635052,3.2955244625774083,0.5081809667039777,1.984526632935643,-0.42628105333064464,-1.4450730948455621,0.9374406853653744,0.004314902458478487,0.02759757282230829,0.3089451599936485,0.07417885367950187,0.0,0.04327403454621692,70.92195180669171,37.50768208135226,74,57.41891891891892,0.2290244989826727,179.3610788779253,0.09101749937184407,0.12076624483103493,0.15834337952043,0.00016974777412531047,0.22921242526573063,0.08602553149073536,0.12059286568986677,0.1938723060562331,0
synth_benign_md_166,3023,4.974903566685152,4.701947973005218,0.4550699606196167,1.7930674113024427,-0.2857303160302328,-1.3319689688697602,0.9009356767453143,0.014543717573872251,0.04468681510856419,0.5953470913981804,0.13996480146087145,0.0,0.011991149118829793,68.17662502598189,32.63676934048356,53,57.0377358490566,0.1895157970819002,167.31668330112436,0.029174334190645745,0.01835950142471489,0.17190550384321154,0.17275280558564526,0.08816081923418373,0.1761414988201569,0.19913526050440597,0.14437027639703595,0
synth_benign_cli_152,1012,4.997335048700425,4.640085296467741,0.3984483944641851,1.3507955523932638,-0.2142772693338505,-1.1601431595568774,0.9148570470471036,0.03907239058146512,0.023359298638020498,0.5856498998055768,0.05123113476497855,0.0,0.02676949429058751,73.1545853220625,43.936731762813956,18,56.22222222222222,0.15128901203458744,103.73390227906863,0.21893715484364545,0.03193260503949717,0.024884687206172307,0.03950617008575117,0.255912369762715,0.12243991895898407,0.23380296735220948,0.07258412675102532,0
synth_benign_yaml_50,3435,4.17796234094047,4.008310477529536,0.5557850035758588,2.180596471298424,-0.6686153474880574,-1.330905827153003,0.9878505717183101,0.09872351876817584,0.010906797815361906,0.6400438660603911,0.10715163072882872,0.0,0.030223090606865673,75.09659861650164,30.23765930891362,54,63.611111111111114,0.2448741876657891,219.48051266421024,0.15925619542201053,0.13378121404184284,0.10458343226025694,0.17041173500027335,0.009053538446643588,0.19179770399548865,0.12340285439455985,0.10771332643892446,0
synth_benign_md_149,3263,4.122053050593012,3.8214211537463956,0.12516434295308468,0.45796531819923264,-0.2851991871130207,-1.2489200450180706,0.9970580437613825,0.030493809776858102,0.0345222808113393,0.3795564189460976,0.1056227198513525,0.0,0.019371299728628135,66.1252731863175,37.81102816784951,59,55.30508474576271,0.05855961373056611,94.09898461080385,0.0004912796189997129,0.1972883011568395,0.16341917822640661,0.1530414756757579,0.0647677373515292,0.17759539992338455,0.07846549463505949,0.16493113341202298,0
synth_benign_txt_75,1843,3.894664145955457,3.550591679589789,0.1930426995383999,0.5900784491810173,-0.4178393622938114,-1.6642133918123907,0.9738448610179801,0.0009326470784424446,0.03642558203047819,0.6134885503286833,0.08617833704239744,0.0,0.01052999000713546,68.56846493253242,30.593131963264135,57,32.333333333333336,0.0978020210487785,118.89825686241507,0.16868144730415946,0.050746672744588404,0.09778249765603726,0.1615056172108781,0.12212505941189153,0.17237804260707412,0.15083861194274786,0.07594205112262317,0
synth_benign_cli_8,6803,4.6898694208379865,4.295409687386172,0.5821414561779152,1.4174916688445953,-0.7950739828589509,-1.5631335779623705,0.926825460940416,0.011033604935578667,0.03225882756910261,0.486914907005328,0.0990943396510098,0.0,0.039616161440690044,83.83162984541966,32.78968719709003,125,54.424,0.09260562742181605,141.58243847540822,0.2612987418685001,0.1253767666192058,0.09055695932533216,0.19252741075803362,0.2039072925451537,0.10090099917077593,0.004963899062549971,0.020467930650448614,0
benign_math_02,1267,4.61130381029374,4.539497353469078,0.1125804887062549,0.214016869481612,-0.4900951369294913,-1.4817869332920095,0.930544593528019,0.0244672454617206,0.0015785319652722,0.5627466456195738,0.1010260457774269,0.0,0.069455406471981,77.88713496448302,37.57810976229329,44,26.795454545454547,0.1363636363636363,69.0,0.069455406471981,0.3251775848460931,0.0378847671665351,0.5674822415153907,0.0,0.0,0.0,0.0,0
synth_benign_xml_12,5155,4.124091043903723,3.9740629340013434,0.32981301916061134,1.2563448132307224,-0.28671616809093714,-1.194616844406316,0.995532543541054,0.06148746083085964,0.04525279327959628,0.45265390933079835,0.10429426900578974,0.0,0.009260533929177823,72.45232016070038,38.46041105781282,66,78.10606060606061,0.09550875135821107,285.31246227520126,0.12184546620570226,0.07982346751012359,0.046439075715286646,0.1614719217832161,0.02768984156433443,0.18288517199694157,0.2431312612688976,0.1367137939554978,0
synth_benign_csv_97,3484,4.569751497339243,4.373127484529936,0.152914170090147,0.3385822155800218,-0.45617472767366063,-1.3961138027140212,0.9560334622023166,0.15458156430962527,0.046309503461250144,0.6273001646059806,0.07648057870464114,0.0,0.010218988074329471,74.45895062104994,44.2406161020835,27,129.03703703703704,0.11087861124293184,447.2225052513422,0.17695851542651883,0.09263472828524943,0.2061332986980632,0.08474435530583424,0.0549128154153959,0.15751381550159735,0.14035524544741793,0.08674722591992313,0
synth_benign_ini_19,6937,3.645007037461231,3.5086987256244226,0.5770411206560999,1.2803544158503064,-0.40145250501333746,-1.6067338970686178,0.9218328003573403,0.027226886684662496,0.01871109189027437,0.5988157854305423,0.14724940394998604,0.0,0.0035836715701897505,76.30366040788527,39.20901758289081,198,35.035353535353536,0.0874911769788585,78.10716996042542,0.1355560769048611,0.12522251111243704,0.20096502645946762,0.0978597474752244,0.01181083103936389,0.1683289027442538,0.02636653048263465,0.23389037378175748,0
synth_benign_md_52,4343,4.370582854895468,3.972099482463224,0.35716685733437525,1.0418904057422391,-0.2177021025696383,-1.5265693291404454,0.9786042431022934,0.045873540256343416,0.04032904982630489,0.6272627906839137,0.149841713917809,0.0,0.02866716693847054,73.60672632333876,44.49721007079687,217,20.013824884792626,0.21236148045321096,66.5481619866272,0.13961064131208814,0.285725461195604,0.15589010004003315,0.037425351925573364,0.06739362405366593,0.1453904869298565,0.061413372988311524,0.10715096155486746,0
synth_benign_csv_127,12116,5.49608410388499,5.292596132147937,0.590014192612145,2.302231650333763,-0.572441625621855,-1.7425572521971164,0.9174836886748056,0.1285816978191599,0.028409030329088182,0.6326679763961388,0.07957068064738325,0.0,0.0023536999862991794,70.58117330780817,39.06506304005596,122,99.31147540983606,0.21836891808784809,366.01510072509586,0.18414264962177657,0.2291227154231827,0.01787126205501731,0.23972048106988658,0.019858889989619006,0.20845261587892677,0.03029384095311067,0.07053754500848035,0
synth_benign_sql_115,5377,4.573493127292915,4.450478834595938,0.5278321281847483,2.014249735233807,-0.7003722253515612,-1.3067652636692542,0.9075760104244213,0.026628596706060853,0.04138874330594665,0.4833894190201282,0.1227558467962646,0.0,0.031038648672484678,79.62245174949899,43.44118339241019,101,53.23762376237624,0.20259942955772198,117.83906841432004,0.2390733834028113,0.19506466933162644,0.10642354103772689,0.0004319786461608688,0.18519617311865066,0.23199272921519704,0.01737257856038218,0.024444946687444406,0
synth_benign_log_28,6505,4.67443817596813,4.539727949022959,0.11266496996020373,0.37878094536497664,-0.6232290640164402,-1.7793209512430226,0.9991962626041484,0.2584768188999588,0.015552929144524432,0.5613133961088823,0.1324834259476405,0.0,0.03057420374558513,83.71115917871016,33.65454659055809,73,89.10958904109589,0.1966396046126032,145.86112612735363,0.10137377541014055,0.05887496660891892,0.12751990460849633,0.03486253879363485,0.23933416062986076,0.012205536850725774,0.2282939440136383,0.19753517308458457,0
synth_benign_csv_99,17062,5.372979124189446,5.081934382314417,0.13449816607943707,0.317000125686017,-0.537470784021179,-1.769928310955945,0.9626250921222868,0.1971552721413769,0.011405248114777588,0.44009985713284816,0.13700174537558196,0.0,0.04416524876061573,80.08054130209072,33.35270494124078,321,53.15264797507788,0.17692153461671428,167.5270651036206,0.2812683067570333,0.09291145503426322,0.05871364112591288,0.12860683866007153,0.02189714723572722,0.15108004008960926,0.23369322495373948,0.031829346143643175,0
synth_benign_json_141,9855,5.431657705821525,5.191024491816267,0.5809704939333792,2.318147074366257,-0.264565129003942,-1.150667201519906,0.9254579148568666,0.03808665489919891,0.027455648462153134,0.47407931170799245,0.1991476174270923,0.0,0.02801999172394086,66.10834641795253,37.44172672499807,179,55.055865921787706,0.1343089693401968,152.00129913579545,0.17477586436888698,0.08131764689659322,0.19404904728451378,0.19839172394072144,0.06560605562138513,0.09469070388607367,0.10304340102342732,0.08812555697839837,0
synth_benign_md_18,1252,4.943440028282898,4.6157748046155795,0.2096881054391659,0.8190457956842921,-0.6601838126982605,-1.634647877640952,0.9193069632924936,0.04923011613252401,0.01227846716119573,0.4578793997409608,0.10248690802437671,0.0,0.01564818552228603,69.49662656517621,39.563228082079625,25,50.08,0.19127302999167084,78.28015027614956,0.3114139610429227,0.04536775082105982,0.02143685718642139,0.0457196072019568,0.08243506873552937,0.07356284726720952,0.3653690926078855,0.054694815137014956,0
synth_benign_ini_96,5588,5.121667798892196,4.964639583759997,0.31296395139728095,1.0342831403414672,-0.26347826352031456,-1.3823466371315056,0.9455976762969956,0.009196671813612644,0.02395649901638605,0.3635725478543419,0.1482588688466301,0.0,0.006789550661999761,83.94806742104903,35.665284501445655,114,49.01754385964912,0.06059534775796754,118.18547341852626,0.21529510469396929,0.007963023470179544,0.12827834057860862,0.1621439485619656,0.21664108546211278,0.26312755428755163,0.0040534539638508,0.0024974889817615527,0
synth_benign_python_91,4003,4.87481544118215,4.750889159088231,0.1527271648280414,0.4575443582249152,-0.7799350793698541,-1.0631000512012414,0.998880200971922,0.016714355713374863,0.013916743285519298,0.30750455461701864,0.1175854389230745,0.0,0.04867671961726655,70.17387272564952,38.82862202110189,129,31.031007751937985,0.15322395474482076,120.97187385610246,0.17649470330578354,0.15014643760254212,0.2229931893674967,0.030226509301514264,0.03997460081756748,0.1409800647247051,0.15744773508130896,0.08173675979908168,0
synth_benign_txt_3,1203,4.004797578780013,3.7995735750255895,0.597375303787602,1.6850725884103308,-0.6669851665867383,-1.4012442878121083,0.9548059245171755,0.007935392269070958,0.04440390864811191,0.4550970124291035,0.10985150512849283,0.0,0.04821681991644897,65.12703784677805,44.74495768681325,50,24.06,0.18568577402931785,73.3983248100104,0.03500717284250359,0.1522342805113409,0.1696843279462129,0.09876851081603186,0.07501304845702012,0.039873784159387735,0.26573561330139267,0.16368326196611022,0
synth_benign_xml_112,7997,4.834925478844169,4.471737510368023,0.22858808143134082,0.4629083777729467,-0.5161228259323845,-1.06720685913813,0.9237668690972326,0.042928388222578724,0.03241480065931415,0.3309569809752996,0.18599027740317742,0.0,0.0050853361693422305,78.47221095261658,37.68280733540576,114,70.14912280701755,0.2037317342429829,130.23618637382538,0.16430024449269975,0.15133702614780836,0.19080485920393908,0.13371224225195738,0.006043252484040546,0.20208027721237928,0.07291248929321127,0.07880960891396455,0
synth_benign_log_78,17702,4.287702601958891,3.9949197413175304,0.32666320555330786,1.2358376484456828,-0.312763148431165,-1.2721673274646694,0.940648710722675,0.11959976188495396,0.04481673816748797,0.6174207119189019,0.12362106049077853,0.0,0.021828448679389118,67.41197746950603,38.0700274881094,123,143.91869918699186,0.1774332087347132,497.82693053163973,0.2868775839875713,0.026517139350914452,0.055004321716987145,0.28887761044320537,0.028610944921444663,0.1823779544037668,0.09422857972795835,0.03750586544815206,0
synth_benign_python_89,777,3.788677524025191,3.3957660123295357,0.17223678092081127,0.6055308345018212,-0.5142311506402628,-1.6394945036754345,0.982879888535583,0.0014719811293063324,0.031114395616705787,0.6588619022623794,0.12439918131602032,0.0,0.018031308696238802,77.52243427959687,36.80910417511102,14,55.5,0.1742874281913568,97.31679608883827,0.17192720541124218,0.07615357217291863,0.16112196481230773,0.07883215376321223,0.05542541558845222,0.06365273714067068,0.16649362062277873,0.22639333048841762,0
benign_cli_01,1183,4.609236599142458,4.531722992263897,0.0998579655750558,0.1914253879381755,-0.5330250622163765,-1.4397932976347247,0.9306846999154692,0.0008453085376162,0.0033812341504649,0.588334742180896,0.1310228233305156,0.0,0.0693153000845308,78.85122569737955,37.71712365097235,41,26.853658536585368,0.2195121951219512,108.0,0.0693153000845308,0.3136094674556213,0.0219780219780219,0.5950972104818258,0.0,0.0,0.0,0.0,0
synth_benign_md_54,7407,3.6386665430736995,3.42388038105751,0.5809992278395265,1.2558659236269136,-0.3097892679980234,-1.6729491983214462,0.9814227514441728,0.004442346983913437,0.01136138273447751,0.4604290989695471,0.11143685062895475,0.0,0.0202672407964141,69.00316737319076,33.15160567942097,168,44.089285714285715,0.12312992809970498,82.52697479301749,0.16142229475553757,0.35117553438071547,0.05793061895559319,0.03784299364828718,0.033170907706296784,0.10150283670413328,0.1547791691012464,0.1021756447481902,0
synth_benign_cli_23,1314,4.372074189513799,4.256006037861483,0.5923240997765051,1.3625230550245135,-0.5934224807907781,-1.5734548593415634,0.927402638215275,0.005588707190862946,0.04552359776065194,0.5482803207065846,0.06668709591183881,0.0,0.021647412539820023,75.6147778596436,37.45594301836253,35,37.542857142857144,0.16274514399489415,121.96688841309657,0.015700775331689783,0.014343575224031749,0.018326849484300554,0.21173541915916652,0.11415420444457072,0.3306775181762262,0.10591133945531729,0.1891503187246972,0
synth_benign_yaml_94,6570,4.368485490752674,4.010775392521683,0.14665073564365053,0.33992481242276595,-0.7997398507068371,-1.389076384044817,0.9873665322747815,0.06777704788309524,0.03786633521238475,0.3440415592221195,0.1628834221032993,0.0,0.03329623596013176,76.87030445813232,35.32972523688876,117,56.15384615384615,0.17633650033866816,133.5876821258825,0.13614284979057262,0.14541905325018895,0.2077718367749033,0.20746160552804008,0.09387827174289239,0.060931251522321074,0.06775125680747061,0.08064387458361096,0
synth_benign_json_121,4763,4.920243267608635,4.5502939419438,0.2751807217338508,0.8318755999775798,-0.5743244303952673,-1.5200156839018677,0.9227040407175392,0.01650786357381248,0.03611416532770427,0.6438151997871884,0.23034503789904495,0.0,0.014434343758773295,68.52484022563746,44.7627150556828,93,51.215053763440864,0.12346882487082654,90.96913197363199,0.08855604246085255,0.18476446460987456,0.13642334462671374,0.02245492646360282,0.12139563775059194,0.05991942038183136,0.18781864991175218,0.19866751379478095,0
synth_benign_cli_62,766,4.477023198959268,4.136792602600254,0.4088437481576984,0.8582298594558985,-0.2581387786313787,-1.4744484556085338,0.9049485093187324,0.017589626292386713,0.011145448661220842,0.5462989439178743,0.14344505829919096,0.0,0.005108105006282327,73.93593069583159,32.40701371913059,24,31.916666666666668,0.08954389906322427,84.47725289158707,0.10942315290275766,0.20822132948266261,0.21059589285966054,0.0014239074811185116,0.04296301598055799,0.05295428323421566,0.20145703957248118,0.17296137848654594,0
synth_benign_ini_113,7070,3.5714825747538326,3.4486934550381045,0.19932893312966707,0.7368725108366939,-0.3875925054591515,-1.4548765230337972,0.9841248219948758,0.023563309423442043,0.027343970171353038,0.3719588884408331,0.05693055521421726,0.0,0.028463298360138084,84.42102187943935,31.748725575817378,160,44.1875,0.18586257794785144,71.92446029472224,0.05005884610036315,0.038503448146496845,0.22625258372845156,0.1067521509230591,0.08627862391023933,0.1552050354563573,0.18915279586761835,0.14779651586741444,0
synth_benign_yaml_13,1885,4.403435070751634,4.2428429590713606,0.1959658696459984,0.4002240990260022,-0.4373800090928084,-1.717767626944519,0.9291870482872941,0.03295158224804621,0.029820000566704474,0.38739002030909475,0.19420996551826974,0.0,0.01789965462926864,83.74324061697276,39.96639100917317,50,37.7,0.09149976766959707,68.90640164662484,0.049861098236619245,0.21034252997121983,0.03963979959240642,0.1195012454347151,0.1991014007268196,0.023290269851266397,0.18680426529391897,0.1714593908930345,0
synth_benign_log_86,15361,4.448677475676437,4.261137557317163,0.3260677551393756,0.8206573872509841,-0.4290305070846994,-1.738924291011967,0.9556311934897137,0.19011600413898805,0.02904646277591514,0.3094467455846826,0.08537828347971026,0.0,0.00994320641857503,68.49865785593641,39.532818610343355,213,72.11737089201878,0.07254957766264346,278.28746624715893,0.18060444309084264,0.19921368195407577,0.006945898844479774,0.10275612878190848,0.15948875949947408,0.1873883351626174,0.0767496169735925,0.08685313569300931,0
synth_benign_sql_38,819,5.448263862554811,5.1740340693567175,0.42924036447077185,0.9304531936231144,-0.5731473037355524,-1.6963566136609658,0.9674885921963782,0.028530652372228724,0.024988758361147334,0.3858519367066437,0.14308486052890373,0.0,0.012544692700017658,70.01411038779915,31.274917541576887,30,27.3,0.24364344964331247,51.501365618225336,0.17308513373788348,0.09277117497064051,0.04738021960158465,0.1773440467502163,0.18682022017888805,0.15113090192771256,0.09396415842782029,0.07750414440525419,0
benign_text_processor,2387,4.511766470997968,4.408738493595351,0.2561196838273435,0.524120912902263,-0.3644560587253643,-1.6306277691457745,0.935483870967742,0.0033514872224549,0.0108923334729786,0.5412651864264767,0.1110180142438207,0.0,0.064516129032258,75.74821952241307,38.24751090544421,77,29.0,0.2337662337662337,80.0,0.064516129032258,0.34939254294093,0.0381231671554252,0.5479681608713867,0.0,0.0,0.0,0.0,0
synth_benign_log_118,8506,4.014146457325336,3.8575458341544238,0.3795461205903635,1.4963585535895825,-0.22402517104817554,-1.321096315412706,0.9134682389296952,0.2714040992293102,0.013353494026450963,0.5659072064535957,0.12612120484429223,0.0,0.005356974779672319,74.80620335730777,38.233147593661094,89,95.57303370786516,0.09729331257323243,341.06338433733913,0.11290798128908647,0.16976207575645094,0.1497379957557981,0.14523987253274678,0.1949173279669453,0.03565344237438877,0.17449073567813134,0.017290568646452207,0
synth_benign_md_171,2899,3.718373254317173,3.3532757877607575,0.33954528325885325,0.9239412912332493,-0.605220030513195,-1.7753624012891986,0.9606974833059685,0.00195967952378589,0.023454498732671206,0.359426002933352,0.14905643772976984,0.0,0.015550211395469155,84.78016054854695,39.28595816280801,82,35.353658536585364,0.08520243960993745,96.50444352379121,0.1374999010724988,0.08621906433032711,0.02512923181883356,0.11323804181994038,0.2064431935515734,0.1339946340170344,0.08955484982394564,0.20792108356584665,0
synth_benign_txt_10,7011,3.813421520832676,3.6360613033888125,0.2677384182684628,0.5451184395915164,-0.5147565309043132,-1.2431634762872446,0.9967076062002388,0.040991486226457485,0.025857739098109886,0.38170160397472047,0.10188258020421917,0.0,0.04061719438399788,82.09163776878832,40.29557110379974,134,52.32089552238806,0.06637052199022074,134.52132298724615,0.2537779085965714,0.10046213670261099,0.24031863104368564,0.029306915478977597,0.20126630841394005,0.032729093208793573,0.0022838297113892594,0.13985517684403148,0
benign_math_01,1158,4.574490395022893,4.437598302345359,0.0614290986687889,0.1195982486724114,-0.5724943613138584,-1.3908285148298056,0.9343696027633852,0.0172711571675302,0.0112262521588946,0.5932642487046632,0.0993091537132987,0.0,0.0656303972366148,78.72193436960276,36.83863499619071,38,28.473684210526315,0.1842105263157894,57.0,0.0656303972366148,0.3048359240069084,0.0328151986183074,0.5967184801381693,0.0,0.0,0.0,0.0,0
synth_benign_cli_174,4238,4.499968778348132,4.123041225803886,0.18621626265417116,0.509263448739102,-0.25031114835431656,-1.1716882428071138,0.9126094503911851,0.026580315988533523,0.044815302404112654,0.5691186846194098,0.09599678838038561,0.0,0.031966057203933786,68.91648998095901,33.23405851787527,71,59.690140845070424,0.12245400352454908,163.86650832535426,0.20247803345813484,0.11986606635260612,0.1688045683925286,0.06231406312491182,0.07080742343801259,0.0794634769349093,0.07864196847077032,0.21762439982812642,0
synth_benign_md_138,3452,5.413338026408514,5.31044337557032,0.15605671328347284,0.542142853355314,-0.243799410723202,-1.420479234424958,0.9396571505043806,0.034400357974563464,0.018822010542504066,0.4549203336273477,0.11903913355085191,0.0,0.0018834858955009749,69.31246604717586,40.04541712807032,75,46.026666666666664,0.1497580439735054,110.26193225460574,0.08028709281392382,0.19209288759360346,0.19825223010782592,0.16433542027758385,0.1347083371673656,0.005611175434764255,0.11928622853637579,0.10542662806855739,0
benign_config_02,3012,4.275306130972523,4.112470860341069,0.5207431895250269,1.4444771218339474,0.492641892972772,-1.4222590979240877,0.9276228419654714,0.0607569721115537,0.0162682602921646,0.3114209827357238,0.1586985391766268,0.0,0.0723771580345285,59.632802124834,36.25589606833373,109,25.63302752293578,0.036697247706422,69.0,0.0723771580345285,0.5693891102257637,0.0335325365205843,0.3247011952191235,0.0,0.0,0.0,0.0,0
synth_benign_json_4,3930,5.015094917852369,4.667427378333163,0.46432373469459653,1.7648996017430654,-0.25430483349869837,-1.0236610583294707,0.9536814104338645,0.07917049652851343,0.011008632334951134,0.48475370976767607,0.13586541031725827,0.0,0.015239959192652898,66.43849975689167,37.76465355635091,60,65.5,0.1606196729743774,124.53410893610507,0.2351384077942358,0.02545910648786536,0.21892022218855847,0.09616616346891302,0.12767465556472674,0.08408670119511193,0.1009010296218502,0.1116537136787384,0
synth_benign_csv_170,18422,3.996724510830682,3.8303458476006993,0.20501422337394457,0.7991321417913014,-0.5692733100754294,-1.6840308404126645,0.9730813519142758,0.07195251644196478,0.010480279808490206,0.6789991090038509,0.12935859319203624,0.0,0.04472189939673498,78.51830436822726,37.54153816817586,165,111.64848484848486,0.10024643985024742,194.09211109056668,0.18724358806289504,0.1335356481276259,0.10851642893265422,0.10985159066884088,0.135226612921177,0.17216797862718686,0.019057012932513384,0.13440113972710677,0
benign_cli_03,1036,4.481242066370149,3.9274738276636736,0.8809648061504531,1.6245317076612458,-0.5896849815420613,-1.3948347659367764,0.9343629343629344,0.0009652509652509,0.0028957528957528,0.6042471042471043,0.1254826254826254,0.0,0.0656370656370656,80.25,37.76745358364858,34,28.47058823529412,0.2647058823529412,84.0,0.0656370656370656,0.3021235521235521,0.0241312741312741,0.6081081081081081,0.0,0.0,0.0,0.0,0
synth_benign_md_9,7948,4.3519066919477085,3.957705213882121,0.126413511296575,0.38336843795333403,-0.22933647866800677,-1.3787397624203388,0.9398844297676524,0.0031509135306403537,0.014107644705064492,0.4907307462990286,0.1105667072458375,0.0,0.04091119486575412,82.44375588726656,43.46669822514508,227,35.013215859030836,0.10656063680366852,98.09749094450365,0.13956034240625464,0.10538678690823969,0.08541464786309096,0.1523180734084613,0.18867128117974372,0.14418343529851047,0.03479079949089157,0.14967463344480766,0
synth_benign_md_81,7411,3.999890156394473,3.847925216732766,0.508219393414256,1.3388749949495926,-0.4590011253692042,-1.561629581159615,0.9231649960703636,0.004149259236493452,0.012938440941973713,0.6950969206407428,0.09003826443586063,0.0,0.004706012705332613,78.05624842406137,36.785420553764396,151,49.079470198675494,0.23506086240793628,132.8430818641514,0.09919627778719642,0.11053802994136704,0.17458861301269968,0.21592349541787326,0.0720039694262821,0.13449620610907415,0.0765505153906923,0.11670289291481516,0
synth_benign_python_124,3284,5.379938755739103,5.0676004908575445,0.222521450943494,0.6469638282002034,-0.2773717058906007,-1.7127955027780903,0.9920861501765857,0.0031690190500792137,0.040380192255790925,0.643974080251062,0.07344999627316919,0.0,0.014258894768983421,79.65148969846788,40.27241569149058,86,38.18604651162791,0.09244902868234593,114.37688399223016,0.16678019247416892,0.14882277760059387,0.09340363914282485,0.051311475946962205,0.03812528289091777,0.13836184791429174,0.22665520525986402,0.1365395787703767,0
synth_benign_log_129,10127,4.6313796524739885,4.371963111746931,0.41626592792151407,1.610853412076915,-0.23827839948890606,-1.6064700758941104,0.9368753840280566,0.13978976119654846,0.02574899607069813,0.414589379557274,0.07912938636750609,0.0,0.03721216463172342,84.26944105847606,36.16451981130225,85,119.14117647058823,0.2363605611124323,261.8053932404574,0.19844842916228622,0.17040449659829066,0.17331933106173003,0.052571704962950785,0.028339501314669148,0.11912822363938556,0.1757937346326388,0.08199457862804882,0
synth_benign_log_123,19866,5.281947139170584,5.008290845386119,0.4893342547569792,1.553830437872572,-0.2962610086070403,-1.6596887809020227,0.9214369484781599,0.23618280513238787,0.042683250915586154,0.674666295992933,0.10191195201753764,0.0,0.02857155839794495,75.46002033177821,30.6148692044483,148,134.22972972972974,0.19939606216556538,352.0766969169022,0.17744731056437207,0.10767398664552659,0.09061642786378706,0.2132810287004181,0.015253360971509065,0.04317862805453928,0.1739726060167361,0.1785766511831116,0
benign_long_02,5912,4.561582980725403,4.379887186628962,0.2552950697783905,0.7837384184860592,-0.2296217323571815,-1.6788711664444318,0.933017591339648,0.0331529093369418,0.0077807848443843,0.4976319350473613,0.1001353179972936,0.0,0.0669824086603518,73.47784167794316,38.20418465976678,198,27.85858585858585,0.2121212121212121,89.0,0.0669824086603518,0.3871786197564276,0.0448240866035182,0.5010148849797023,0.0,0.0,0.0,0.0,0
synth_benign_log_39,19590,5.075713343534472,4.731583723808734,0.1935469855341663,0.6963039845482377,-0.30477921710306893,-1.514488806349579,0.9450894416529878,0.064988737250317,0.04409926523204879,0.31183950151802425,0.11360282647062897,0.0,0.017738014846908106,79.28776064985712,35.975409664005056,208,94.1826923076923,0.13629824476015723,351.743296958425,0.16002849048864617,0.19789339557105784,0.15249438363778983,0.02944331050885394,0.22556085420762922,0.03236181191255119,0.12134134169505392,0.08087641197841797,0
synth_benign_csv_90,17532,4.906623124928856,4.7595603761422876,0.4247691267478876,1.2160087898969512,-0.49550697876723765,-1.5852870176649965,0.9156708379301847,0.26838477302640995,0.04055877691331566,0.5074696172301301,0.06458736590999808,0.0,0.027188125498444196,67.39681733460465,38.11784310756008,227,77.23348017621146,0.16725522299655796,132.8481387626795,0.10738137711219017,0.0855262982608535,0.11113610784197558,0.10811449907631522,0.2234996590060855,0.0498803941978844,0.151292003276394,0.16316966122830176,0
synth_benign_xml_125,8460,4.069895453272629,3.8551295467970723,0.578285465954409,1.9641574894013687,-0.3425761609936639,-1.6449112373763095,0.9561235122926611,0.0524540633809084,0.03200843274149436,0.635185605077102,0.10997657829559793,0.0,0.023201018926560842,72.49075519776557,36.47598598533805,172,49.18604651162791,0.10817808293351794,104.38604848063707,0.24386867035968843,0.044727646586826264,0.08191224756661876,0.08546568500438065,0.2609615315097271,0.0730982778857587,0.08687851257758675,0.12308742850941329,0
synth_benign_csv_145,9946,5.192051021099167,4.80812128350912,0.3593949343152818,1.185741305107338,-0.7692648977347532,-1.0549346831899664,0.9538696083605045,0.2788611297541851,0.04814008468279174,0.5135783739877013,0.10380315076933894,0.0,0.014141412735210801,83.88469606825805,39.93560040775859,153,65.00653594771242,0.08381488432624123,142.50491733426347,0.11778104044529422,0.12973156810753664,0.13400910429000984,0.046016921869760884,0.05097855847577534,0.20918241406825025,0.11155396963191824,0.20074642311145438,0
benign_app_01,3155,4.404603004414832,4.315307761309614,0.1991238270741003,0.5406174655976015,-0.3483591729573282,-1.6412242191766042,0.9378763866877972,0.0098256735340729,0.0057052297939778,0.5385103011093503,0.0906497622820919,0.0,0.0621236133122028,75.68050713153724,38.2581934552889,98,30.193877551020407,0.173469387755102,102.0,0.0621236133122028,0.3600633914421553,0.0361331220285261,0.5416798732171156,0.0,0.0,0.0,0.0,0
synth_benign_txt_159,7315,4.97322147797758,4.653950404990809,0.14165390869496083,0.48283060685072793,-0.7195502947013408,-1.3124216066307688,0.9495312297043415,0.04466109137267221,0.010449071354197832,0.34575691974537076,0.13616270699291508,0.0,0.009756121309659577,74.40923358196123,32.12994198457152,270,27.09259259259259,0.2240659989280369,68.95261613119179,0.0034364846259608336,0.09432524628892847,0.19452711450498442,0.1722143084677097,0.052468624043907786,0.19700847911683433,0.1364771726415077,0.14954257031016688,0
synth_benign_yaml_132,9142,4.1997596039664815,3.990232041932044,0.39128549791133393,1.0566391326320468,-0.5664920155839114,-1.2987567263956938,0.9814860834596641,0.03781263814623476,0.034728173549470644,0.3401278420018012,0.1856800346157052,0.0,0.006909175469891316,69.28159000291035,38.29592507017301,304,30.07236842105263,0.20509462286911068,107.42322569667085,0.041718698707866035,0.10190898449617354,0.17384805858771457,0.006295839495114505,0.16705631503000976,0.2553809139842557,0.20386727992504394,0.04992390977382191,0
synth_benign_ini_47,634,3.608829041445444,3.4510916223404196,0.4084699673395611,1.0756992287308496,-0.4779558877786864,-1.459022911543967,0.9761627955844716,0.04224951065727333,0.035272570244218246,0.6407780027226695,0.0933198949455516,0.0,0.047228366990110376,65.38002184026166,44.000952066337135,16,39.625,0.20452794340774316,112.14194052933483,0.07830853944322419,0.12572979109938168,0.12905981132303224,0.23026531533528147,0.19553724305854117,0.026977785613442582,0.15081464325637503,0.06330687087072165,0
synth_benign_json_102,4334,4.699565126059667,4.555752147034317,0.10493534711541322,0.2144150835211223,-0.35295717221301287,-1.71032058624011,0.9673030908036365,0.09611285576342364,0.03993997546440838,0.6056327553825813,0.1319662703572647,0.0,0.02762043600624055,82.92895024961129,43.42444873535738,76,57.026315789473685,0.10957020991144391,209.74259358068218,0.17745989103065782,0.09804021648072278,0.09414247010882312,0.08638501055135747,0.09465586923719302,0.04768818963144529,0.20607129895897877,0.19555705400082166,0
synth_benign_xml_41,7926,4.424875601235453,4.308525670021763,0.2594056587736928,0.5334195845403769,-0.6188187437807652,-1.5313894850006582,0.9567174071988188,0.09116611667266845,0.04751686662863624,0.5492630201288612,0.16126382157202412,0.0,0.043893890136800916,80.26350435555086,36.56008662253282,105,75.48571428571428,0.23571990322020403,147.0644402512851,0.1980884687879793,0.05246011042262639,0.10732919884076994,0.16387398476181794,0.06609240810852986,0.19047817523913987,0.13450024714161374,0.08717740669752308,0
synth_benign_yaml_21,1685,5.376169599288694,5.210337351130732,0.5875075733023218,1.2920612886440723,-0.7355021423019068,-1.214674667650625,0.9496288390549896,0.0439243218668837,0.03382225054340445,0.43934072878073666,0.2163360217381662,0.0,0.005162880777569112,75.17536670986694,32.26078678605574,24,70.20833333333333,0.1032292715702668,164.6643690910007,0.13706340680436707,0.113248724971495,0.03866206984661824,0.1219487794783033,0.10560034718428216,0.05797663302754209,0.17839148478549466,0.2471085539018975,0
synth_benign_csv_109,16365,3.5238373052297707,3.3097577172508914,0.5000773233098066,1.3651590134375977,-0.7868840892322011,-1.0523206184901395,0.9198078864341054,0.29992808843707136,0.04840679149153889,0.6103628479155712,0.05368058477718919,0.0,0.01773174974522784,65.96594664023942,34.60959898513376,314,52.117834394904456,0.06643719594349058,137.26851954988726,0.032547030562210054,0.018597145853856217,0.16386414152909098,0.21177786874047866,0.10229065461236587,0.28169815675525656,0.03503231454086856,0.15419268740587314,0
synth_benign_python_5,5017,4.686611921365357,4.471173810277611,0.282660092259305,1.0089490799537604,-0.6310286711409491,-1.333073785910587,0.9792886605965266,0.0266752889896332,0.032928294618996226,0.47901367184815924,0.07525173491879467,0.0,0.04025794474300576,66.60843585804697,39.00152948747064,135,37.162962962962965,0.07501794164206353,143.71333487315334,0.04270094863421018,0.23416406687203262,0.015614707519705144,0.04233902104245969,0.09641840286706031,0.11546514265778275,0.22764537238371094,0.22565233802303838,0
synth_benign_json_17,5791,5.04845170901724,4.681850277906318,0.3632208794687928,0.9556067434708214,-0.3159217192614876,-1.3403714438412908,0.9644572680272665,0.04026731903657779,0.01929654039293245,0.3580872395365533,0.21527098048695453,0.0,0.0384740560091007,82.35047186651417,38.917291436948325,160,36.19375,0.05262167171259422,132.12216227369808,0.19235714963311484,0.18778481074507197,0.11392036615436239,0.031999515097667824,0.12499817112093961,0.1346116966063252,0.041021579767884786,0.17330671087463334,0
synth_benign_md_85,7380,5.326571629412326,5.19242136004634,0.32830538802102927,1.2796590104019763,-0.7786905928532378,-1.6304370448731649,0.9065592004638137,0.03475217613884178,0.03942530410923201,0.36695412969646807,0.14031851891866987,0.0,0.005025751035344423,81.9844109536275,35.1198723746877,160,46.125,0.16838085042052153,115.01940280049854,0.18998420992329676,0.12611166538653612,0.07499084471114321,0.0051536126920326405,0.1405538423465201,0.07669708435724652,0.14075655092135134,0.2457521896618734,0
synth_benign_sql_158,4231,4.3646053539907435,4.067049561214666,0.3857923671974012,0.8173122813789812,-0.5031600549657749,-1.42750923234486,0.9203649164550531,0.03675558371958369,0.04003011941247954,0.6010929777024239,0.11853550986604548,0.0,0.018606481687786846,84.9635560746888,37.089791475006045,71,59.59154929577465,0.13807747798303194,201.34379459553077,0.11092392514897453,0.19399523895461485,0.12086297896287089,0.18368465786763744,0.15731830655130277,0.09295621468763125,0.02709073860670269,0.11316793922026573,0
synth_anomaly_rand_30,10724,5.066570815610865,4.65019519881438,0.619692953293535,2.0259715211328646,0.0047978637706419525,-0.7899502894292569,0.8458879202964965,0.1698731372856852,0.16161478870396984,0.32253229995349564,0.09097474764761299,0.0,0.18236087124032485,110.26876249852478,37.394723623999525,16,670.25,0.04915254833203611,1136.2256683720948,0.12280374385345637,0.08813454554764419,0.1743956193822216,0.1540949665283968,0.0996527440372926,0.20240183954840263,0.08762553391977991,0.07089100718280585,1
synth_anomaly_sqli_12,9372,5.081022746402115,4.771269771965622,0.7337676893745679,1.4311062123746394,-0.3747533321530758,-1.167244170046562,0.859013747334578,0.15013772348220183,0.23486441130185862,0.45619209964340396,0.1526962998575072,0.0,0.17445116740888567,95.248887198348,39.665207303700775,11,852.0,0.018790588743694492,979.8293964162355,0.1444699389733158,0.1552920897816382,0.15763366911231047,0.08306804472912133,0.06554010764873042,0.15418177802104852,0.1361245099889805,0.10368986174485478,1
synth_anomaly_shell_45,7150,7.4241920450033,7.239088137365395,0.44935049532033305,0.9650800362888181,-0.4068124628268609,-1.3507536537608598,0.8029121993348414,0.2604639432504714,0.2065414250328021,0.4473870224414061,0.14041989794823445,0.0,0.1256716862793491,100.00801742589815,36.26762426321288,23,310.8695652173913,0.02066024115477253,469.9152654335027,0.17871134195160532,0.09224368019988508,0.12036596961677845,0.16149517371598285,0.09887874802937056,0.16350456247271483,0.11704268000348275,0.06775784401018019,1
synth_anomaly_bin_60,14983,6.657942388964202,6.476669759946359,0.20316812739840406,0.6389665255144803,-0.32880823522390523,-0.29419952546433414,0.5555913469956941,0.20184931582509283,0.10378128550401476,0.23821059118849175,0.11835983689979689,0.08518962399557868,0.34929755825513653,80.46218033608875,41.64568535958796,29,516.6551724137931,0.0539720070741701,967.5511700553992,0.1102075870265719,0.15039327673508548,0.11145303396099683,0.07592522981471572,0.1847792107056516,0.1025123565708696,0.07995215162875953,0.1847771535573494,1
base64_asset_loader,3769,4.865639400451373,3.949484406263176,0.6526018004874239,1.895058083183777,-0.0874056888814701,-0.8602234065693941,0.9628548686654284,0.1326611833377553,0.3616343857787211,0.2892013796763067,0.0421862563014062,0.0,0.0371451313345715,70.97877421066596,28.6324282307339,70,51.84285714285714,0.1,80.0,0.0371451313345715,0.3040594322101353,0.3680021225789334,0.2907933138763597,0.0,0.0,0.0,0.0,1
synth_anomaly_shell_16,3572,6.487885208421081,6.188525832212315,0.3372153016545872,0.9776027842459545,0.4537971847539295,-0.5743721902767056,0.8004933346287523,0.35629135951286606,0.14906675501884986,0.2391225393367332,0.07058331988326365,0.0,0.10780579174931108,83.84352010182162,38.980313724700466,5,714.4,0.062351766597167374,1205.2490777042701,0.1440701180080637,0.13196347685964707,0.1516244516505822,0.10260668222697794,0.15280123919320013,0.10217575760888227,0.095435582943137,0.11932269150950968,1
synth_anomaly_bin_29,4901,5.3040343129662615,4.835796732556176,0.27757402744645177,0.6758281019083406,-0.47429721272987946,-0.031719039951454864,0.43309701339184903,0.10957961060842664,0.2145704492145375,0.25805962709635316,0.06460149901505162,0.012617812629000824,0.277066008736212,113.8816257843487,45.11241300056355,19,257.94736842105266,0.021725870275108694,458.4503202512004,0.0989158169564505,0.12526287032738778,0.13785247373772572,0.09078094608989086,0.11808160367682823,0.16062121255991624,0.13412749220229347,0.13435758444950727,1
synth_anomaly_b64_55,13735,5.759105300580491,5.264583617325539,0.5980494105459078,1.5741041056801621,0.29663833483872015,-0.8060717885287004,0.802884704167141,0.2684284403632692,0.2146203601065022,0.340797021246492,0.05877684364267283,0.0,0.1885695310312282,93.68094570205061,44.81708394629492,70,196.21428571428572,0.03413394439482287,317.0567804307931,0.18233388143204868,0.08221223892469406,0.1295688562886098,0.1675961029907128,0.13087279643408464,0.13543709904164847,0.09105706246553331,0.08092196242266836,1
synth_anomaly_bin_0,7489,6.582208497055281,6.340014078503682,0.2792502225088636,0.45795585562424973,-0.4803087560372681,-0.08161566591399216,0.47711205367326853,0.3047470096427792,0.19045213480216194,0.4645532653177249,0.1723455618780857,0.06222933426495639,0.3888325184929743,89.72334549230251,50.69163331690312,32,234.03125,0.06396932880927451,268.7246461930323,0.17755921750868603,0.1127021190171304,0.08530894400923966,0.1088469192586538,0.17089593222778815,0.1689133310170488,0.1020799903859629,0.07369354657549035,1
synth_anomaly_b64_34,7593,6.587453478179471,6.367892472723676,0.2576368377039446,0.6094416757027565,-0.22623942202331648,-0.7091628893806856,0.9984721158928198,0.31246135740316205,0.22042378502239468,0.35607882060113616,0.19716141473325327,0.0,0.19415984963375432,98.6038435351139,57.6251048140267,36,210.91666666666666,0.07615045266783821,333.6521753999236,0.08507658281541809,0.16666176638589214,0.08684975981508272,0.1753542900066676,0.07694171341780418,0.18542652865369733,0.08977910399601899,0.13391025490941894,1
synth_anomaly_obf_71,13004,7.322622000022392,7.152050956375479,0.6418425999376861,1.9026879976173423,0.42884920567357354,-1.4274848191342844,0.9311999200156061,0.12619155148085054,0.2328213550162309,0.3312446809623018,0.126089586932024,0.0,0.1094996802894802,103.50820466046548,54.010730187055884,15,866.9333333333333,0.02630075631461778,1709.8041149189569,0.13380687937902006,0.13333826428962167,0.16699601871105663,0.09159776816660707,0.13054875015832304,0.06682300440845473,0.10694563197298951,0.1699436829139271,1
synth_anomaly_bin_25,12929,6.012435944506214,5.809905494439336,0.4247954124756266,1.2972926144333745,0.4500862280507615,-0.48802903597200187,0.4535844237098369,0.3398422071409219,0.2824037548206614,0.21549107476778273,0.11054284532788472,0.048002867155885566,0.27254950361809627,88.62843095890845,51.57912415573702,16,808.0625,0.09779383873772934,968.8586791156484,0.08270964099017676,0.11556506168123516,0.11666179108163267,0.11505996985695151,0.16480358356180747,0.0856548208344621,0.2053950026073648,0.11415012938636956,1
synth_anomaly_b64_46,6696,7.3438324219081625,6.980763587378125,0.7903294437822475,1.8925154565938267,0.22573345025740965,-0.19580251679074756,0.8511138093608499,0.15741123518490702,0.1552272731236624,0.2794397473030701,0.13155152916102936,0.0,0.09531541596390565,82.69266986593648,40.623744844018454,9,744.0,0.049029965907943666,973.7843776607352,0.15492640771671556,0.14711999835370543,0.1540400089092203,0.1370068985639165,0.13008988616865957,0.06107268335185745,0.12350102576648865,0.09224309116943666,1
synth_anomaly_obf_76,11468,7.3332289580849785,7.083439747758178,0.586654941730773,1.1529924907190106,-0.4329285148337836,-0.8646876414064965,0.9925560322045148,0.32490608719343206,0.2910024760708312,0.296562837936413,0.13747613362258684,0.0,0.17642009910464013,118.6821944886013,52.97915027800585,80,143.35,0.024038187900506592,237.63389738639265,0.11307092906467053,0.10685222679757424,0.15272471347596214,0.13371913344076458,0.11431149899029519,0.122309410930965,0.13466966377954198,0.12234242352022624,1
synth_anomaly_bin_2,1621,5.929118763435529,5.712180377523822,0.4324540319885606,1.1725740428822737,0.43702644935326096,-1.0297978160903942,0.22066496558516066,0.12109359214243029,0.18946124772657374,0.28719379762540626,0.10458771947110605,0.047824944374077895,0.3327522707038473,103.16541978057478,38.794553908022934,8,202.625,0.040792829536496635,275.8282197144566,0.1352957288005676,0.14887122463842217,0.11651805010107522,0.12466057307949957,0.11401574315559099,0.06582498352274017,0.1395942069209844,0.1552194897811199,1
long_str_sql_query,3344,4.935294298794938,4.724118750294275,0.2947565462734122,0.9333771596465316,-0.3518466087290502,-1.4946755597329593,0.9563397129186604,0.0122607655502392,0.1208133971291866,0.4703947368421052,0.0879186602870813,0.0,0.0436602870813397,75.88726076555024,35.545208836138926,73,43.80821917808219,0.136986301369863,416.0,0.0436602870813397,0.3301435406698564,0.152811004784689,0.4733851674641148,0.0,0.0,0.0,0.0,1
synth_anomaly_sqli_8,1275,5.36673273103909,5.2067742449243095,0.5751515328328606,1.718724140466225,0.2710396210598369,-0.3293212742068934,0.8395484149630507,0.14932330310765954,0.2930641613300867,0.3906162225114017,0.12774305065800762,0.0,0.18498863698938894,99.41473447704524,37.01654506820043,8,159.375,0.07804368427395769,215.66788128080657,0.12105542127450644,0.14864012393560705,0.1248523769363675,0.12771673940704797,0.08531683879230348,0.09573482093074825,0.10700643292691976,0.18967724579649958,1
synth_anomaly_shell_18,11270,5.655446986151746,5.304760072132676,0.6425732497691234,1.5228421884482144,0.06604614154751731,-0.21923778838692143,0.9818240566847863,0.3532426490400329,0.2703853465709456,0.24196710917952463,0.1791409303450872,0.0,0.11488564760049433,106.33572850821608,54.55399741086468,22,512.2727272727273,0.0634229872011622,814.2366060786484,0.16024299455383764,0.09037269711717358,0.1406482522555574,0.18135092960624208,0.1393265241913646,0.09140091643013677,0.11097700989637925,0.0856806759493087,1
synth_anomaly_mixed_39,1707,5.257849169118798,4.815834247032296,0.30000254756959627,0.8258028429329982,0.3154857781423436,-0.29255404282928277,0.39153049129937645,0.21995973974957295,0.15473494174770822,0.31679050999626573,0.17389221048617098,0.07738146949703924,0.28718635077331217,90.60137209112341,46.85724236853961,4,426.75,0.058433310197831094,714.8963216849642,0.17460717290094765,0.10766349276252266,0.13286565298011532,0.14128731196831779,0.12288366070864881,0.09666950885921943,0.07325875123441035,0.150764448585818,1
synth_anomaly_bin_52,13667,7.076571597302045,6.969949915271072,0.3412403472789909,0.5943167026952607,-0.14949502831920436,-1.4989498477638175,0.3762271869064937,0.2299265331916566,0.20737123225769516,0.3083728463811363,0.15999886614820527,0.02047573855347199,0.10285242556205927,87.02870213707222,49.616967752353744,48,284.7291666666667,0.0616407103721161,446.18621926019756,0.16568532727795826,0.1756254726689166,0.08256670228709641,0.12345091547409723,0.0953690806579904,0.1487840829535248,0.08708744748634815,0.12143097119406808,1
synth_anomaly_sqli_63,1994,6.250740250038895,6.0818999919893,0.45900808306604635,0.7575672826519764,0.1420148127141445,-0.11206314439011011,0.8708246611347735,0.22525879279899821,0.20684532969353717,0.4322874575482263,0.097322680302102,0.0,0.19258482398443594,100.04603539821565,54.26872668844236,2,997.0,0.08974874474220944,1248.2900804942735,0.18704405970346713,0.08462128795360323,0.1530030402894204,0.14400474295203047,0.13806909249957935,0.09439661123994336,0.089854228554349,0.10900693680760715,1
synth_anomaly_mixed_59,10159,7.296806401029032,7.097792499173766,0.5082166533496322,1.3348999396930217,-0.22981751854161214,-0.1984629536574256,0.7357089558606351,0.10701485464931361,0.1596052248391541,0.4273311077756965,0.07248642650038113,0.07707666828798476,0.40087705247403427,99.79301087401781,43.39535347224907,10,1015.9,0.024870057125734136,1860.5059745129204,0.07403051228076714,0.15962159626961844,0.15830692743996763,0.16170038202035297,0.07232344634448414,0.16040283801995922,0.07158200819648963,0.14203228942836063,1
synth_anomaly_bin_66,6424,5.46960236321789,5.344668086090866,0.48071127629599386,0.8980388184110093,0.09420054590745053,-0.11849803992407382,0.43011453964992075,0.33976052809678603,0.27347577120949385,0.48382655907584143,0.08116212405665837,0.0028290573805790364,0.39355971066649187,81.83015608086002,39.44529820947819,47,136.68085106382978,0.09552622571351087,243.3142910978841,0.1009842752124557,0.09593204006158736,0.08073067071424025,0.13794277701076993,0.17555283304399602,0.19165846790285235,0.1189173648524276,0.09828157120167068,1
synth_anomaly_shell_20,14591,7.329430154126275,7.14084830554784,0.7688611745759979,1.5193979582122432,-0.10228432192898151,-0.4797418971372467,0.9355495532338542,0.1473403045196761,0.18551089672473087,0.22983578684661632,0.15711312728643634,0.0,0.08859931566441057,104.75715817490912,41.42770261613567,63,231.6031746031746,0.03060556620199567,274.58226939264847,0.1408864127082207,0.1311411018352021,0.20169261007632996,0.08972216909268944,0.14688463220069825,0.08497567327614233,0.08858577486700557,0.11611162594371177,1
synth_anomaly_obf_23,3412,6.938827476703379,6.793031818494169,0.6781493194050905,2.314027234599736,-0.25931669555696135,-0.8511949103866551,0.8933143842415974,0.2826651165110067,0.11618122263542213,0.32975317406085913,0.06713181810870036,0.0,0.09156177951937194,83.69522678087404,59.65120909386056,3,1137.3333333333333,0.07050238362797566,1506.6623817151526,0.12717987634244776,0.14748549963392943,0.14709779792470726,0.058250597032156924,0.07463889814031621,0.1591163058453254,0.1490890111622373,0.1371420139188797,1
synth_anomaly_bin_1,7258,7.324792675161106,6.858467622090337,0.38542656856461915,1.1556613568975032,-0.08499472826615984,-0.8236551451326365,0.47064056225847894,0.2817273975041398,0.15141825586524377,0.31708157281942395,0.07013968042265536,0.06469107389980056,0.4541463155614268,111.56561630058111,59.53132592046623,13,558.3076923076923,0.04535014247532714,946.6456580289743,0.12780061947503799,0.09742731928773492,0.12242594149286458,0.10741787135273761,0.14125027739377854,0.14343152905061404,0.1178614338133651,0.14238500813386729,1
synth_anomaly_rand_56,9337,6.138357647136008,5.782538242964632,0.2107613716717084,0.5449298165567374,0.002916206127433818,-0.19401106109544908,0.898305297533061,0.11233358736467064,0.1913113515729009,0.25698140751470755,0.0586691199214802,0.0,0.1715221221904243,90.56200523134731,55.1900420880322,17,549.2352941176471,0.06672289675797868,728.6127234938411,0.060408907171066534,0.17431590401008606,0.0998068944860436,0.09682170952024752,0.14531626966590183,0.11800048306167771,0.13108789286682773,0.17424193921814915,1
synth_anomaly_mixed_57,7184,5.5840489536278906,5.143632461226955,0.6664155736441402,2.1939891672405403,-0.4530282957666184,-1.3332328040205315,0.6586273300524159,0.22663403570179427,0.13772836557171803,0.28041541445646273,0.1043675291082575,0.0651389060828537,0.1350376782429349,110.55896265128499,51.11502500129177,11,653.0909090909091,0.031550245751529774,1155.4441708121624,0.09762786948643906,0.12537124808564104,0.14625151289422486,0.14287142834513783,0.1439857974396589,0.06759110108913507,0.14673098719058614,0.12957005546917702,1
synth_anomaly_obf_21,14530,6.2892651681851,5.944278362890559,0.44326378807110156,1.4447231215969158,-0.10065257319562138,-0.6425408800569388,0.9481518558463155,0.1913741341557345,0.16851996275091702,0.3083373630980573,0.09274758791980664,0.0,0.11149117069686576,84.8229939491974,48.333293641816006,101,143.86138613861385,0.05070305143376306,260.9227631498353,0.093439176492403,0.1595230509393573,0.11815363215623365,0.1458021238657168,0.08530852652045295,0.0837338637805176,0.1693617172266066,0.14467790901871203,1
synth_anomaly_obf_65,7916,6.808523222220579,6.580530048214896,0.32312745249054853,1.0918073409918578,0.13046761046486444,-0.8793786358513,0.9729556383629951,0.27071893496047433,0.23021453291944816,0.20027749451789342,0.1425331311179936,0.0,0.18277777865129158,100.9665213784937,52.64144209061222,11,719.6363636363636,0.02073346280052714,1119.4363129277326,0.15821445663765726,0.14584217912527392,0.11241650778237573,0.12080763918131714,0.08205524669505743,0.15421922464549678,0.11083608359941877,0.11560866233340283,1
random_session_ids,2148,5.007692433698592,4.776344731007101,0.2497018918392922,0.6439158111808219,-0.4414590406630994,-1.4539841831271798,0.9441340782122905,0.0861266294227188,0.0349162011173184,0.5223463687150838,0.0856610800744879,0.0,0.0558659217877094,77.34217877094972,35.95926400635385,60,33.8,0.2333333333333333,158.0,0.0558659217877094,0.3459031657355679,0.0721601489757914,0.5260707635009311,0.0,0.0,0.0,0.0,1
synth_anomaly_shell_58,11349,5.16478251612861,4.845420735944607,0.6934921293607925,2.414744009855408,0.41235457980479373,-0.38874125259306,0.944672373041243,0.38547922868266427,0.17180773425576576,0.32092221586774095,0.07928815718255877,0.0,0.10346717939847776,85.30294785776934,41.758170350216545,14,810.6428571428571,0.09635999052396577,1050.5074013038559,0.09817378637764287,0.14509177491810185,0.17476631542959517,0.10373849644640763,0.1485140680663435,0.07948173566031869,0.08275273593799017,0.1674810871636001,1
random_crypto_dummy,1802,5.360103551803211,5.151914892977631,0.3923988591460808,0.8839131344250823,-0.2549710402316266,-1.5455574064186106,0.9389567147613762,0.0499445061043285,0.0804661487236404,0.4600443951165371,0.1215316315205327,0.0,0.0610432852386237,74.01165371809101,36.42623454893382,55,30.76363636363636,0.2181818181818181,117.0,0.0610432852386237,0.3640399556048834,0.1054384017758046,0.4694783573806881,0.0,0.0,0.0,0.0,1
synth_anomaly_obf_32,6055,6.259278595498414,5.980234768009508,0.7885017066167708,2.2272041922314756,-0.02184637717886695,-0.6982918509859837,0.8221229017488709,0.1480851101525541,0.11527691068107182,0.3452166398338731,0.057840192480985236,0.0,0.1764885368672811,108.31378943412196,48.76413604154585,6,1009.1666666666666,0.02716324783354386,2015.1648816489674,0.06745958281482842,0.1515570610364832,0.17518334848245237,0.07675859209852005,0.12425073596117296,0.12186236269158927,0.14442335942581708,0.13850495748913674,1
synth_anomaly_sqli_37,3561,5.069682188979691,4.9080448094752205,0.5724034891139294,1.1761127931788329,0.4139821507546382,-0.8561700222033128,0.8971040718820716,0.10850646994476104,0.10816034306844112,0.3014712697769021,0.11999137505324152,0.0,0.13172389320798933,90.07176177526732,47.63928046889118,8,445.125,0.07340723965078637,657.3368699414896,0.1366586631403433,0.10261628099965273,0.15975491317805507,0.08384778825076322,0.17105362534151608,0.0928860104725242,0.09048091996601691,0.1627017986511286,1
synth_anomaly_rand_6,14698,7.161630129308448,6.941249062796123,0.24936464424854704,0.8135507772111609,-0.458841939189538,-0.01934345691332018,0.9743729410608811,0.1698167596898828,0.1765421147645111,0.2574007073798806,0.1279198396632627,0.0,0.059734319032368116,95.26462594232146,35.41319564541337,94,156.36170212765958,0.08138109368208302,260.4997810133949,0.07279151990774699,0.16702529187729404,0.12610128480455604,0.1531889443948291,0.11532269009132069,0.1028728932239764,0.16307089011801892,0.09962648558225781,1
synth_anomaly_mixed_35,1335,7.09951270850939,6.891236863964197,0.4839826097562752,1.196356543796428,-0.03288734989930342,-0.014883914169228296,0.6334329370718259,0.3666843986490569,0.17190522515471793,0.23867519379719404,0.05000237424675067,0.05801286729077947,0.3202518692716106,110.21714016790432,46.03806671950025,2,667.5,0.00883996179976504,784.7156140113456,0.1881312876602031,0.1371874299578329,0.08936366242584806,0.17428964820944473,0.09442776011170291,0.08571135622457128,0.14119495426537884,0.08969390114501843,1
synth_anomaly_shell_24,7533,5.868283915548947,5.386509330686845,0.5690949007980486,1.5409776619679294,0.2584540472626087,-0.970440299148996,0.8722874588060929,0.14075675468748713,0.26468408772987717,0.32384696485887987,0.11890876348649565,0.0,0.12268882506913653,115.47388191923477,44.890195091827856,11,684.8181818181819,0.07891219170695074,1345.0947524875553,0.16256789947493852,0.13915189863644792,0.12699261954771213,0.09566252154639404,0.07987299719697834,0.1310470955926212,0.16237722567799392,0.10232774232691402,1
random_entropy_l3_b,2489,5.869681283436597,5.531669114617067,0.6137791564729465,1.4874053358038817,-0.2932685260452523,-1.161841029723656,0.9533949377259944,0.1442346323824829,0.1599035757332262,0.2924869425472077,0.1149055845721173,0.0,0.0466050622740056,74.35355564483729,31.559740559762133,58,40.91379310344828,0.2586206896551724,693.0,0.0466050622740056,0.3503415026114905,0.2969063881076738,0.30614704700683,0.0,0.0,0.0,0.0,1
synth_anomaly_bin_68,5317,5.525840102011976,5.362738681907931,0.32715321637440686,0.9900875748287083,-0.21776856999867134,-1.1103371864475808,0.7739193375450166,0.3985273661935451,0.17372010685766937,0.4727847478539839,0.1577739196956769,0.04732004846358104,0.2719799293111226,101.36346084994048,36.38961491718841,13,409.0,0.034996006947781357,744.6319162362443,0.07563715688352615,0.1826918706040102,0.14250723220982184,0.10929356924117192,0.12151442284978148,0.12720597900747954,0.13577944778925446,0.1053703214149543,1
synth_anomaly_b64_17,3154,6.122382383865249,6.016693050459852,0.5972266344491415,1.0281750620102794,-0.24911301289605037,-0.226118691140329,0.9792827294918123,0.25413043946311364,0.14335906094184725,0.41853151339293804,0.18183007484886488,0.0,0.16556380344949,96.36701282381384,47.01742399532301,17,185.52941176470588,0.05761961219631773,236.14196753134138,0.12943685839332764,0.15608197432396254,0.117127004122031,0.1298233743023009,0.12719620562822226,0.0703595595229822,0.1567333531479762,0.11324167055919736,1
synth_anomaly_b64_9,1376,6.600077446515975,6.234634208990535,0.43392446670779417,0.7719253773728048,-0.3443924684251405,-0.3463690704242697,0.9575710888799119,0.27466273057754165,0.21729157663527426,0.4988852732379959,0.15049919577893783,0.0,0.1260562307575005,95.34818984469317,45.40803097934106,1,1376.0,0.02784267721058552,1987.3168632610189,0.08129774183770613,0.07996110323362773,0.12046812804971697,0.15670381902130212,0.16894193897828955,0.1527431419810678,0.0786634947535726,0.1612206321447171,1
synth_anomaly_sqli_74,10601,6.412424051349296,5.980506229613143,0.6396658776546822,1.6755865632361278,-0.10010025998955185,-0.7758074463494276,0.9123161268090488,0.16536267668593507,0.2962342797502662,0.41359379013228326,0.1774459270597249,0.0,0.19793697506550417,80.53342135617396,37.91310852749299,36,294.47222222222223,0.09547215886128058,424.4703270824415,0.1476801383501814,0.13730780231816006,0.165389755896247,0.09020582979652171,0.10959275204853379,0.12961284125691855,0.12056522770741791,0.09964565262601965,1
synth_anomaly_shell_15,12886,6.003853326800904,5.863718769835455,0.3270466602532456,0.9062665005040698,-0.12770803876665926,-1.3565043665355012,0.864019144294952,0.1831375346608221,0.11831587876731348,0.4793072929169478,0.09202721292390434,0.0,0.12747677543979016,113.67469781043597,44.02075606903103,16,805.375,0.0938831998283658,1186.634497874172,0.11332717977319673,0.13886364509219656,0.16684631683515116,0.08779580864688716,0.14732806851699412,0.12944620702779275,0.13297741036941813,0.08341536373836327,1
synth_anomaly_mixed_43,14127,7.31957171776142,6.8617086486408425,0.5777693532582431,1.966246296122696,-0.3380816570948266,-1.394745991322043,0.4056387258725646,0.15990987747654972,0.16495630468962053,0.2916553646178574,0.19553321438136045,0.002393113925510027,0.18905489869412817,85.39356052957277,50.20015164873076,15,941.8,0.06901522478852816,1397.053110716372,0.12509449119676566,0.06379426020755531,0.06890610121163654,0.16204357412137008,0.13851840676728971,0.08228147741637469,0.17886689887791565,0.18049479020109224,1
synth_anomaly_sqli_3,11271,6.175267355555446,5.844950742891934,0.4321181789822114,0.6578694858633999,-0.43291753267759003,-0.7255317256231657,0.8712643130225758,0.12348584902874962,0.152511768154676,0.340076284750516,0.18946242674611685,0.0,0.16530241837097326,107.23840775610185,50.477799207479606,96,117.40625,0.06100652221710881,158.6897361748379,0.13814668524733384,0.15399647657050652,0.19879492452474798,0.15905084340552955,0.08680353506065439,0.09104205704985079,0.08983035153391146,0.08233512660746559,1
synth_anomaly_sqli_14,5035,7.013722691223073,6.752172455912055,0.784292473657024,1.4277282976711372,-0.22011260836183455,-1.1887780552991734,0.9770309407475333,0.17383547519051898,0.2807104518795685,0.49858693640411667,0.18768488266643063,0.0,0.1855647401027256,97.7627583031834,57.87000176276807,5,1007.0,0.006270037827336106,1762.2978864718098,0.06720013752933726,0.07352201455624602,0.1363910814717063,0.12621758880192394,0.15715993635235267,0.197829488261612,0.08410336211803607,0.15757639090878597,1
long_str_html_template,3638,5.238934793108666,4.830839333483475,0.3624140216335276,1.14476380718094,-0.844216009394078,-0.8486109303903882,0.9736118746564046,0.0313358988455195,0.0261132490379329,0.6448598130841121,0.1363386476085761,0.0,0.0263881253435953,86.04892798240792,32.668656942998965,48,73.79166666666667,0.2916666666666667,903.0,0.0263881253435953,0.2795492028587136,0.0373831775700934,0.6566794942275975,0.0,0.0,0.0,0.0,1
synth_anomaly_b64_7,3232,5.522663334048825,5.390805467171843,0.4365285015245678,0.8028284085450351,-0.2948078331744567,-0.48787686564800503,0.8427354055296871,0.13757205212310278,0.24013569673501958,0.37359782086431637,0.17538020135938476,0.0,0.06779142653776979,109.32051005670971,59.25951147490263,14,230.85714285714286,0.06436070699112403,292.73423529178785,0.1883594142280069,0.14582886300377537,0.0952969130001062,0.11751047585186904,0.12202685407580786,0.09609123153241311,0.114841875930812,0.1200443723772096,1
synth_anomaly_mixed_28,13660,7.165613787994909,6.8738119233087644,0.7796347432449495,1.5143458367739298,-0.3266095379176097,-0.4906142701129228,0.278126989449579,0.30118900900006396,0.2371064623790096,0.499142230164393,0.0664648279437333,0.01484264387854848,0.15972042250056245,102.76263655194046,43.66861436661741,41,333.1707317073171,0.04748395167827466,651.5542723085828,0.12015246258646559,0.13327625699427434,0.07382182367304688,0.16907226114954,0.12464442107182123,0.17220301772074512,0.0784286311571757,0.12840112564693135,1
random_entropy_l3_c,1774,5.599513252111403,5.405808410094716,0.3083689562836471,0.6368234275231455,-0.2493458536163096,-1.391785432694118,0.9323562570462232,0.0659526493799323,0.1240135287485907,0.3517474633596392,0.1313416009019165,0.0,0.0676437429537767,72.43686583990981,34.50334059749485,60,27.566666666666663,0.2833333333333333,116.0,0.0676437429537767,0.3500563697857948,0.2164599774520856,0.3658399098083427,0.0,0.0,0.0,0.0,1
synth_anomaly_sqli_77,4680,5.046647962049537,4.636798247732036,0.5968239580931922,1.512205118552874,-0.01861415444007697,-1.1979730978759067,0.982072108595776,0.21104591473052492,0.18499309241631623,0.46589528680424663,0.17611521599669605,0.0,0.1496353015011061,118.76642332688016,55.7080573253641,9,520.0,0.016758787709736832,627.6560817975103,0.1275473956537143,0.15388882060596984,0.1857415005122264,0.149980557532906,0.13153487641529468,0.07108522051689496,0.09893258309621128,0.08128904566678251,1
random_entropy_l3_a,3520,6.089632683230648,5.860114876432856,0.3769236531427939,1.1112158811664743,-0.3507415028066242,-1.1432167076642097,0.9602272727272728,0.1193181818181818,0.2076704545454545,0.3818181818181818,0.0980113636363636,0.0,0.0397727272727272,76.74176136363636,31.87194843271428,70,48.285714285714285,0.2571428571428571,430.0,0.0397727272727272,0.3224431818181818,0.2431818181818182,0.3946022727272727,0.0,0.0,0.0,0.0,1
synth_anomaly_b64_54,13143,5.572269043999215,5.104129989870824,0.7029338942303212,1.323308951383205,-0.3146261390251025,-0.22097814070931232,0.9965155966387864,0.11381408327931522,0.17858465119937614,0.31644982496798507,0.077513464734041,0.0,0.10129673849295463,106.95180992458299,52.12564580771311,13,1011.0,0.08206312619479808,1372.967026752784,0.17398286431863874,0.09051315848572931,0.07681865987910197,0.07874207670550294,0.18611027021976156,0.08327334883636033,0.19042122952275903,0.12013839203214613,1
synth_anomaly_rand_26,6312,5.871700689235854,5.562292945912311,0.4172246960951268,1.1990001157873829,0.2691315079543193,-1.479539424572548,0.9543321923864655,0.2753060300282444,0.22430741902409887,0.27728620391157255,0.05545136543645119,0.0,0.15070484101534828,119.88220512074238,39.46194850189183,17,371.29411764705884,0.04389619612939808,500.04249701916285,0.1949796156976675,0.10067003925550089,0.11204779116235564,0.15871232828127624,0.10239575635561597,0.08838242725796064,0.0957413129552776,0.14707072903434568,1
synth_anomaly_obf_70,4113,5.47270184724362,5.054609937692836,0.6565563445468412,1.135984823492096,-0.4032741337903256,-0.792267773500209,0.9038599906015503,0.26037627209481773,0.1929962485787619,0.314136559943214,0.11488467743557054,0.0,0.17916731604201425,111.71386627783068,43.6609344592753,7,587.5714285714286,0.026660166539920673,1104.1209152518336,0.13733764156012468,0.15502035347812307,0.1696319279299586,0.10557546478348037,0.10821309641325406,0.07825038324225789,0.15677006581756128,0.08920106677524008,1
synth_anomaly_rand_79,5121,5.72132985238864,5.5329687774644984,0.3352370614794029,0.7793890444290987,-0.221635667998194,-1.008649244438402,0.9538239764971947,0.10781335837711019,0.22623398714429663,0.3145583363248281,0.057904358003027366,0.0,0.11503502216377585,92.54816916728127,54.78914966798563,17,301.2352941176471,0.04916940686763799,405.83944134569526,0.07983590350051678,0.17538632424439557,0.1597361545494552,0.14491649518168545,0.12475040062305577,0.07167511369541929,0.08342908262301678,0.1602705255824554,1
synth_anomaly_mixed_44,14942,5.719678029610617,5.417948948218188,0.532326030520272,0.9852527794484597,-0.17914444861517087,-0.07504277254382319,0.7778726363919808,0.19937183081015336,0.28408123991357026,0.3934468603218198,0.06104852420488719,0.019921566561732718,0.20213884729861467,110.3082426718573,49.70180105474419,22,679.1818181818181,0.01350757592907468,929.0054555986605,0.18336581211909356,0.1016175264956291,0.1835624188090782,0.10220672544619881,0.09022073066956936,0.10780268555113978,0.14068564110434462,0.09053845980494667,1
synth_anomaly_obf_33,3328,5.238544355395918,5.099219609437514,0.5224129577291946,1.3356232264128447,0.06643616746560599,-0.5210175539853827,0.8789847045888728,0.20134130579687642,0.1350012583105939,0.29238982899734783,0.15653527347052548,0.0,0.14518382614341901,89.8395271384437,48.51480896330792,11,302.54545454545456,0.04826761518362721,499.7486094144343,0.16840535109136262,0.07549755974295509,0.1497206963902636,0.16325471336382316,0.14065193383105395,0.06766210566918127,0.16032263357833051,0.07448500633302983,1
synth_anomaly_sqli_40,3054,7.367816131452283,7.21337988617394,0.27719817629996574,0.8586886101434286,0.4882900438227199,-0.7692521437845836,0.9651573256123471,0.1998369936847278,0.2523295607964412,0.3165237378517314,0.14457455206558506,0.0,0.10436139646620354,102.0835428849648,53.15993941336042,15,203.6,0.0025237492175009036,379.7284901125696,0.16523932882909942,0.14231867615077104,0.15661641858791467,0.07821503028009026,0.06667660561830908,0.18894345087986328,0.09767208640562232,0.10431840324832974,1
synth_anomaly_bin_36,2705,6.014203825811669,5.619095122139891,0.723463046884185,1.0962503698418373,-0.45217852940951153,-0.03639244746781323,0.3080214203533075,0.3934727639243345,0.27976529391139116,0.36518277228431106,0.050926031010468616,0.07724813687227783,0.3074649275025819,99.70618094785911,51.6083182626697,4,676.25,0.0751719081577241,1082.1883436945286,0.1373671610690689,0.12481581032595139,0.1662387783029026,0.0700426924020343,0.12430152714041874,0.11281017329995102,0.12509110057815745,0.13933275688151545,1
synth_anomaly_b64_51,8949,6.583218292305499,6.259525944953269,0.47037498214662565,0.7932582109264693,-0.2493476358271829,-0.47415432103402066,0.815719756088011,0.13995232029949697,0.11740975459118469,0.35893436943024604,0.10050326663892489,0.0,0.1269225140662527,117.89628159459399,37.11230112016407,58,154.29310344827587,0.02723690946163392,248.02881713892378,0.13802165976463748,0.14534046246332089,0.14955137698600793,0.1290937496956125,0.07676315785390042,0.11656939604670609,0.1063050381049165,0.13835515908489815,1
synth_anomaly_sqli_78,3096,6.2610421394683495,6.049859033912232,0.7354274850149423,2.013871196911863,-0.20433948817015102,-1.1931257739571663,0.9675843453086961,0.3706678589092739,0.15061966554129153,0.2510734390975259,0.05955596171582341,0.0,0.183522911379773,87.5546437927002,55.39980227329684,7,442.2857142857143,0.09606046732787833,689.4599164483914,0.09825350630221065,0.1445913308964835,0.12749226344888617,0.10653967906980924,0.15373021628448544,0.13257099590293325,0.10511785952695048,0.13170414856824128,1
synth_anomaly_rand_5,3742,5.873044836871316,5.64872008136839,0.6051351903991232,1.4905083065434244,0.06595188490123216,-0.4581593159789237,0.9586293336671221,0.2670759043915004,0.18088187636996458,0.2153381700687988,0.1702714520496135,0.0,0.12674608852169894,89.5642511074475,46.678490527150004,7,534.5714285714286,0.057991779621832495,620.7896572353444,0.17173800507234838,0.15628833212446586,0.06491390934898712,0.08064859361820674,0.14210479904100487,0.16589740630589228,0.15033045645972704,0.06807849802936772,1
synth_anomaly_obf_62,10386,6.928131641835053,6.688075192607034,0.37372792534356614,0.7003833676942381,-0.47814205480547534,-1.4129218645776007,0.8795049962807865,0.3466973596067666,0.2579961118706839,0.31976282987994575,0.0917310427137343,0.0,0.08768755083420307,84.73399829537098,41.69119751396515,12,865.5,0.09042830541430165,1583.486287742119,0.1328216911607675,0.14709779414950092,0.13953946503626205,0.14607231260182732,0.12772807234999456,0.09902879767828345,0.13472944120756414,0.07298242581580014,1
synth_anomaly_bin_31,13716,6.758333116852272,6.437084783030699,0.3585450576972612,1.0045995918492556,-0.0046234430850108366,-0.7152226619410873,0.2432603586502201,0.39025728301183804,0.14921819290182126,0.45579932324269384,0.13819546058544924,0.07831670635061191,0.11018429943971829,119.33060992982024,45.96178137824889,45,304.8,0.05429364643855657,472.5684996840048,0.17498221877568654,0.07457233091112124,0.14007732352976077,0.12137315559569455,0.07404111001763573,0.12003010573209656,0.1397174009104694,0.15520635452753526,1
synth_anomaly_sqli_48,4999,5.220289606767443,5.00077595915183,0.3417622793885361,1.02339311496919,-0.032675007604879514,-0.12911149477733197,0.9017176848732178,0.22410919629358944,0.13187043140493698,0.25163839693658335,0.14401001171023023,0.0,0.1313740101389983,92.72097184193089,56.88383856629769,9,555.4444444444445,0.0027145447542311855,651.0143964141246,0.07960294481148723,0.07269391595334103,0.07701926487306712,0.2086313836549073,0.08973064501243798,0.17697071333901288,0.15681255419689774,0.13853857815884857,1
