file_id,file_size,global_entropy,block_mean_entropy,block_std_entropy,block_entropy_range,byte_skewness,byte_kurtosis,ascii_ratio,digit_ratio,uppercase_ratio,lowercase_ratio,symbol_ratio,null_ratio,non_printable_ratio,byte_mean,byte_std,line_count,avg_line_length,empty_line_ratio,max_line_length,hist_bin_0,hist_bin_1,hist_bin_2,hist_bin_3,hist_bin_4,hist_bin_5,hist_bin_6,hist_bin_7,label,is_executable,num_sections,suspicious_api_count,has_high_entropy_section,suspicious_string_count,text_length,entropy_x_nonprint,entropy_div_ascii,bytestd_div_bytemean,pred_anomaly,raw_score,risk_score_percent,severity
base64_asset_loader,3769,4.865639400451373,3.949484406263176,0.6526018004874239,1.895058083183777,-0.0874056888814701,-0.8602234065693941,0.9628548686654284,0.1326611833377553,0.3616343857787211,0.2892013796763067,0.0421862563014062,0.0,0.0371451313345715,70.97877421066596,28.6324282307339,70,51.84285714285714,0.1,80.0,0.0371451313345715,0.3040594322101353,0.3680021225789334,0.2907933138763597,0.0,0.0,0.0,0.0,1,1.0,7.0,3.0,1.0,1.0,53.84285714285714,0.180734814556432,5.053346624497445,0.4033942336867141,0,-0.08170538669651828,35.0,SAFE (Mitigat
base64_payload_stub,2920,5.087162856004129,4.689776567186686,0.2103738742013577,0.5211366950602612,-0.0735398630259182,-1.132145871168612,0.9664383561643836,0.0332191780821917,0.3684931506849315,0.2938356164383561,0.0441780821917808,0.0,0.0335616438356164,70.50205479452055,30.74830426146947,49,57.59183673469388,0.1428571428571428,109.0,0.0335616438356164,0.2825342465753425,0.3886986301369863,0.2952054794520548,0.0,0.0,0.0,0.0,1,1.0,5.0,3.0,1.0,1.0,59.59183673469388,0.1707335479069877,5.26382549239265,0.43613344818226835,1,-0.051962434457912154,75.95,CRITICAL RISK
benign_app_01,3155,4.404603004414832,4.315307761309614,0.1991238270741003,0.5406174655976015,-0.3483591729573282,-1.6412242191766042,0.9378763866877972,0.0098256735340729,0.0057052297939778,0.5385103011093503,0.0906497622820919,0.0,0.0621236133122028,75.68050713153724,38.2581934552889,98,30.193877551020407,0.173469387755102,102.0,0.0621236133122028,0.3600633914421553,0.0361331220285261,0.5416798732171156,0.0,0.0,0.0,0.0,0,1.0,3.0,0.0,0.0,0.0,32.19387755102041,0.2736298538400337,4.6963577150823905,0.5055224245365305,0,0.12226223169351486,18.79,SAFE
benign_app_02,2929,4.368566126496678,4.273485257264737,0.1868779734951173,0.5530300372667014,-0.4152336003001827,-1.5951073380523666,0.9344486172755206,0.0020484807101399,0.0071696824854899,0.5541140320928645,0.091157391601229,0.0,0.0655513827244793,76.36087401843632,38.08279042627512,96,28.510416666666668,0.1979166666666666,76.0,0.0655513827244793,0.3414134516899966,0.0355069989757596,0.5575281666097645,0.0,0.0,0.0,0.0,0,1.0,4.0,0.0,0.0,1.0,30.510416666666668,0.28636555011517983,4.6750201624072965,0.49872124849016963,0,0.1018315099063476,23.92,SAFE
benign_cli_01,1183,4.609236599142458,4.531722992263897,0.0998579655750558,0.1914253879381755,-0.5330250622163765,-1.4397932976347247,0.9306846999154692,0.0008453085376162,0.0033812341504649,0.588334742180896,0.1310228233305156,0.0,0.0693153000845308,78.85122569737955,37.71712365097235,41,26.853658536585368,0.2195121951219512,108.0,0.0693153000845308,0.3136094674556213,0.0219780219780219,0.5950972104818258,0.0,0.0,0.0,0.0,0,0.0,0.0,0.0,0.0,1.0,28.853658536585368,0.3194906180301617,4.952522158751615,0.47833275028248284,0,0.032053384895475046,47.25,LOW RISK
benign_cli_02,1278,4.626949805897504,4.531526549016779,0.065560640425359,0.1307776612126137,-0.6037315994226651,-1.3729628068993072,0.9389671361502347,0.0031298904538341,0.0023474178403755,0.6087636932707355,0.1298904538341158,0.0,0.0610328638497652,80.28873239436619,37.210861928985565,39,30.76923076923077,0.2051282051282051,95.0,0.0610328638497652,0.3035993740219092,0.0250391236306729,0.6103286384976526,0.0,0.0,0.0,0.0,0,1.0,2.0,0.0,0.0,0.0,32.76923076923077,0.2823959975430399,4.9277015432808415,0.4634630641098106,0,0.10724895572619131,22.47,SAFE
benign_cli_03,1036,4.481242066370149,3.9274738276636736,0.8809648061504531,1.6245317076612458,-0.5896849815420613,-1.3948347659367764,0.9343629343629344,0.0009652509652509,0.0028957528957528,0.6042471042471043,0.1254826254826254,0.0,0.0656370656370656,80.25,37.76745358364858,34,28.47058823529412,0.2647058823529412,84.0,0.0656370656370656,0.3021235521235521,0.0241312741312741,0.6081081081081081,0.0,0.0,0.0,0.0,0,1.0,1.0,0.0,0.0,0.0,30.470588235294116,0.29413557964591697,4.796040062768053,0.47062247456259915,0,0.02862822732240794,48.53,LOW RISK
benign_config_01,2330,4.254902722198767,4.170043184567176,0.4345422934274359,1.079862235314747,0.1863577082629366,-1.686848708578789,0.9278969957081544,0.0137339055793991,0.0412017167381974,0.3789699570815451,0.1248927038626609,0.0,0.0721030042918454,64.98369098712446,37.967500108490185,84,25.73809523809524,0.0476190476190476,78.0,0.0721030042918454,0.4733905579399141,0.0660944206008583,0.388412017167382,0.0,0.0,0.0,0.0,0,1.0,4.0,0.0,0.0,1.0,27.738095238095237,0.3067912692400823,4.585533461019023,0.5842619822258615,0,0.028707531437583145,48.5,LOW RISK
benign_config_02,3012,4.275306130972523,4.112470860341069,0.5207431895250269,1.4444771218339474,0.492641892972772,-1.4222590979240877,0.9276228419654714,0.0607569721115537,0.0162682602921646,0.3114209827357238,0.1586985391766268,0.0,0.0723771580345285,59.632802124834,36.25589606833373,109,25.63302752293578,0.036697247706422,69.0,0.0723771580345285,0.5693891102257637,0.0335325365205843,0.3247011952191235,0.0,0.0,0.0,0.0,0,1.0,3.0,0.0,0.0,0.0,27.63302752293578,0.30943450748738693,4.608884061019771,0.6079857859511018,0,-0.021126377848833866,35.0,SAFE (Mitigat
benign_config_03,2615,4.4300709296392125,4.246727914345417,0.4691447883716031,1.2740957692497434,0.0853387534878845,-1.7184365939456665,0.9273422562141492,0.0275334608030592,0.027151051625239,0.3992351816443594,0.1284894837476099,0.0,0.0726577437858508,66.9889101338432,38.17018687056428,95,25.526315789473685,0.0631578947368421,68.0,0.0726577437858508,0.4565965583173996,0.0630975143403441,0.4076481835564053,0.0,0.0,0.0,0.0,0,1.0,1.0,0.0,0.0,0.0,27.526315789473685,0.3218789585588718,4.7771692705181605,0.5697985949360963,0,0.0684663686341932,34.15,SAFE
benign_inventory,2269,4.5476210902721,4.4402039589556175,0.3250133597615007,0.7954525747982855,-0.2549412354011045,-1.673600703128869,0.9277214631996474,0.0176289114147201,0.0180696342000881,0.50330542089026,0.1084178052005288,0.0,0.0722785368003525,73.54561480828559,38.33320160158131,82,25.67073170731708,0.2195121951219512,87.0,0.0722785368003525,0.373292199206699,0.0409872190392243,0.5134420449537241,0.0,0.0,0.0,0.0,0,1.0,5.0,0.0,0.0,0.0,27.670731707317074,0.32869539832729117,4.901925061200663,0.5212166857467445,0,0.11148006103158886,21.39,SAFE
benign_long_01,9487,4.974672880689669,4.682513532978289,0.2526956550804095,1.1988863057592116,-0.6404052718674005,-1.1198934632891178,0.9399177822283123,0.02498155370507,0.0464846632233582,0.5615052176662801,0.1427216190576578,0.0,0.0600822177716875,80.1548434700116,34.5466346056214,285,31.28771929824561,0.2491228070175438,86.0,0.0600822177716875,0.3034679034468219,0.0741014019184146,0.5623484768630758,0.0,0.0,0.0,0.0,0,0.0,0.0,0.0,0.0,1.0,33.28771929824561,0.29888937936050464,5.292668119222036,0.43099871586108657,1,0.007264406611021956,56.5,SUSPICIOUS
benign_long_02,5912,4.561582980725403,4.379887186628962,0.2552950697783905,0.7837384184860592,-0.2296217323571815,-1.6788711664444318,0.933017591339648,0.0331529093369418,0.0077807848443843,0.4976319350473613,0.1001353179972936,0.0,0.0669824086603518,73.47784167794316,38.20418465976678,198,27.85858585858585,0.2121212121212121,89.0,0.0669824086603518,0.3871786197564276,0.0448240866035182,0.5010148849797023,0.0,0.0,0.0,0.0,0,1.0,2.0,0.0,0.0,0.0,29.858585858585858,0.3055458153530546,4.889064282459859,0.5199415740491878,0,0.13081801213010935,16.91,SAFE
benign_math_01,1158,4.574490395022893,4.437598302345359,0.0614290986687889,0.1195982486724114,-0.5724943613138584,-1.3908285148298056,0.9343696027633852,0.0172711571675302,0.0112262521588946,0.5932642487046632,0.0993091537132987,0.0,0.0656303972366148,78.72193436960276,36.83863499619071,38,28.473684210526315,0.1842105263157894,57.0,0.0656303972366148,0.3048359240069084,0.0328151986183074,0.5967184801381693,0.0,0.0,0.0,0.0,0,0.0,0.0,0.0,0.0,0.0,30.473684210526315,0.30022562178043144,4.8958039532684925,0.46795896583577057,0,0.034637021395577006,46.28,LOW RISK
benign_math_02,1267,4.61130381029374,4.539497353469078,0.1125804887062549,0.214016869481612,-0.4900951369294913,-1.4817869332920095,0.930544593528019,0.0244672454617206,0.0015785319652722,0.5627466456195738,0.1010260457774269,0.0,0.069455406471981,77.88713496448302,37.57810976229329,44,26.795454545454547,0.1363636363636363,69.0,0.069455406471981,0.3251775848460931,0.0378847671665351,0.5674822415153907,0.0,0.0,0.0,0.0,0,1.0,4.0,0.0,0.0,0.0,28.795454545454547,0.32027998050974643,4.955489336422534,0.482468764314275,0,0.11979294094893977,19.37,SAFE
benign_math_03,860,4.684884901254524,4.581811492373218,0.1936535533594946,0.2738674815627391,-0.8026352824875361,-1.0375285044194795,0.9255813953488372,0.0244186046511627,0.0046511627906976,0.6174418604651163,0.0860465116279069,0.0,0.0744186046511627,82.64186046511628,36.43154927511567,32,24.875,0.21875,64.0,0.0744186046511627,0.25,0.0511627906976744,0.6244186046511628,0.0,0.0,0.0,0.0,0,0.0,0.0,0.0,0.0,1.0,26.875,0.34864259730266184,5.06155906416946,0.4408365091259494,0,-0.009111918599126745,35.0,SAFE (Mitigat
benign_math_04,1067,4.512016961267749,4.373393408322122,0.1477508654941464,0.2923012561961293,-0.3341708056909186,-1.626069252374935,0.9268978444236176,0.0178069353327085,0.0028116213683223,0.5023430178069354,0.1030927835051546,0.0,0.0731021555763823,74.5473289597001,37.98337770772449,39,25.35897435897436,0.1282051282051282,66.0,0.0731021555763823,0.3561387066541706,0.0684161199625117,0.5023430178069354,0.0,0.0,0.0,0.0,0,1.0,4.0,0.0,0.0,0.0,27.358974358974358,0.3298381658658707,4.867868652854083,0.5095203039166986,0,0.12249341451773516,18.74,SAFE
benign_math_05,966,4.618131390724777,4.566424995398362,0.0826650231489578,0.1169059968711421,-0.7652369937525122,-1.0894819392382546,0.9440993788819876,0.0175983436853002,0.005175983436853,0.6325051759834368,0.1014492753623188,0.0,0.0559006211180124,82.68012422360249,35.6755879554634,27,33.77777777777778,0.1851851851851851,83.0,0.0559006211180124,0.2701863354037267,0.0331262939958592,0.6407867494824017,0.0,0.0,0.0,0.0,0,1.0,2.0,0.0,0.0,0.0,35.77777777777778,0.25815641314610543,4.89157338096506,0.4314892882717655,0,0.05543668386972983,38.67,LOW RISK
benign_math_utils,1985,4.588474594923479,4.469572073492902,0.1590265435314247,0.3519270654508215,-0.2409647965933596,-1.691722262222163,0.9335012594458438,0.016624685138539,0.0136020151133501,0.5073047858942066,0.1214105793450881,0.0,0.0664987405541561,74.1234256926952,38.69343933028821,66,28.07575757575757,0.1818181818181818,67.0,0.0664987405541561,0.3818639798488665,0.0241813602015113,0.527455919395466,0.0,0.0,0.0,0.0,0,0.0,0.0,0.0,0.0,1.0,30.075757575757574,0.3051277816271529,4.9153384084852165,0.5220136410141849,0,0.03776706481855019,45.12,LOW RISK
benign_text_01,1320,4.308200254473325,4.255323449387837,0.1491084228891486,0.2653197292244966,-0.2502332136878682,-1.7106505498927669,0.9272727272727272,0.0045454545454545,0.0022727272727272,0.5083333333333333,0.0909090909090909,0.0,0.0727272727272727,73.075,38.65027318692899,48,25.5,0.1666666666666666,70.0,0.0727272727272727,0.378030303030303,0.0393939393939393,0.5098484848484849,0.0,0.0,0.0,0.0,0,1.0,2.0,0.0,0.0,1.0,27.5,0.31332365487078717,4.646098313647704,0.5289123939367635,0,0.0969011868419416,25.29,SAFE
benign_text_02,1157,4.49235128269131,4.43805566319381,0.1656037769446705,0.2999207587409627,-0.3463140769635146,-1.6283127707517515,0.9256698357821952,0.006914433880726,0.003457216940363,0.5350043215211755,0.1132238547968885,0.0,0.0743301642178046,75.08729472774417,38.41267283178398,43,24.906976744186046,0.1162790697674418,60.0,0.0743301642178046,0.3535004321521175,0.0371650821089023,0.5350043215211755,0.0,0.0,0.0,0.0,0,1.0,4.0,0.0,0.0,0.0,26.906976744186046,0.3339172085665102,4.853081637790706,0.511573535457135,0,0.11385856969098185,20.79,SAFE
benign_text_03,1199,4.652154533652594,4.53741924588754,0.0206623257996498,0.0384032274011802,-0.5984392285107751,-1.3741236020275849,0.9316096747289409,0.0041701417848206,0.0016680567139282,0.5888240200166805,0.0967472894078398,0.0,0.0683903252710592,80.03836530442035,37.73922013781559,41,27.24390243902439,0.1951219512195122,82.0,0.0683903252710592,0.2960800667222685,0.0433694745621351,0.5921601334445371,0.0,0.0,0.0,0.0,0,1.0,5.0,0.0,0.0,0.0,29.24390243902439,0.3181623617677336,4.993673487779283,0.47151412943376714,0,0.0948896329912765,25.87,SAFE
benign_text_04,1358,4.379564828272747,4.348506479251646,0.2871335378611016,0.5595236383659392,-0.2648020681144063,-1.7029985577821691,0.93519882179676,0.0014727540500736,0.0051546391752577,0.5294550810014728,0.109720176730486,0.0,0.06480117820324,73.8321060382916,38.46825786494644,44,28.863636363636363,0.1590909090909091,79.0,0.06480117820324,0.3784977908689249,0.0272459499263622,0.5294550810014728,0.0,0.0,0.0,0.0,0,1.0,2.0,0.0,0.0,1.0,30.863636363636363,0.28380096088954443,4.683030737633378,0.5210234399245718,0,0.10277685745498727,23.67,SAFE
benign_text_05,1216,4.575512817025711,4.419956674913974,0.277692012416845,0.5017380069980284,-0.3704436559628389,-1.608131613716656,0.9325657894736842,0.0139802631578947,0.0024671052631578,0.5419407894736842,0.1167763157894736,0.0,0.0674342105263157,75.82565789473684,38.047354491182446,41,27.65853658536585,0.2439024390243902,85.0,0.0674342105263157,0.3544407894736842,0.03125,0.546875,0.0,0.0,0.0,0.0,0,1.0,5.0,0.0,0.0,0.0,29.658536585365855,0.30854609456916754,4.906370004852967,0.5017741427842377,0,0.1203508583793444,19.24,SAFE
benign_text_processor,2387,4.511766470997968,4.408738493595351,0.2561196838273435,0.524120912902263,-0.3644560587253643,-1.6306277691457745,0.935483870967742,0.0033514872224549,0.0108923334729786,0.5412651864264767,0.1110180142438207,0.0,0.064516129032258,75.74821952241307,38.24751090544421,77,29.0,0.2337662337662337,80.0,0.064516129032258,0.34939254294093,0.0381231671554252,0.5479681608713867,0.0,0.0,0.0,0.0,0,1.0,1.0,0.0,0.0,0.0,31.0,0.2910817078063202,4.8229227793426555,0.5049295039090284,0,0.1231915400617406,18.58,SAFE
long_str_config_loader,4731,4.62772100913887,4.359621487758941,0.3924283564173574,1.1962252238510316,-0.3262316513247822,-1.6363961812255816,0.959416613823716,0.0135277953920946,0.020714436694145,0.5277953920946946,0.1145635172268019,0.0,0.040583386176284,76.03360811667723,37.058260347298784,96,47.28125,0.1145833333333333,593.0,0.040583386176284,0.3846966814626928,0.0380469245402663,0.5366730078207567,0.0,0.0,0.0,0.0,1,1.0,3.0,4.0,1.0,3.0,49.28125,0.18780858882998547,4.823473913689357,0.4873931576472223,0,-0.02507401855874225,35.0,SAFE (Mitigat
long_str_html_template,3638,5.238934793108666,4.830839333483475,0.3624140216335276,1.14476380718094,-0.844216009394078,-0.8486109303903882,0.9736118746564046,0.0313358988455195,0.0261132490379329,0.6448598130841121,0.1363386476085761,0.0,0.0263881253435953,86.04892798240792,32.668656942998965,48,73.79166666666667,0.2916666666666667,903.0,0.0263881253435953,0.2795492028587136,0.0373831775700934,0.6566794942275975,0.0,0.0,0.0,0.0,1,1.0,3.0,3.0,1.0,3.0,75.79166666666667,0.138245667987474,5.380927379257292,0.3796521085036392,1,-0.043840313457914504,73.66,SUSPICIOUS
long_str_sql_query,3344,4.935294298794938,4.724118750294275,0.2947565462734122,0.9333771596465316,-0.3518466087290502,-1.4946755597329593,0.9563397129186604,0.0122607655502392,0.1208133971291866,0.4703947368421052,0.0879186602870813,0.0,0.0436602870813397,75.88726076555024,35.545208836138926,73,43.80821917808219,0.136986301369863,416.0,0.0436602870813397,0.3301435406698564,0.152811004784689,0.4733851674641148,0.0,0.0,0.0,0.0,1,1.0,9.0,2.0,0.0,3.0,45.80821917808219,0.2154763659162861,5.16060792219208,0.4683949384594867,0,0.0011112005185004437,35.0,SAFE (Mitigat
random_crypto_dummy,1802,5.360103551803211,5.151914892977631,0.3923988591460808,0.8839131344250823,-0.2549710402316266,-1.5455574064186106,0.9389567147613762,0.0499445061043285,0.0804661487236404,0.4600443951165371,0.1215316315205327,0.0,0.0610432852386237,74.01165371809101,36.42623454893382,55,30.76363636363636,0.2181818181818181,117.0,0.0610432852386237,0.3640399556048834,0.1054384017758046,0.4694783573806881,0.0,0.0,0.0,0.0,1,1.0,6.0,2.0,0.0,3.0,32.763636363636365,0.3271983300212834,5.7085736408684316,0.4921689047468208,1,-0.005615524023955432,61.18,SUSPICIOUS
random_entropy_l3_a,3520,6.089632683230648,5.860114876432856,0.3769236531427939,1.1112158811664743,-0.3507415028066242,-1.1432167076642097,0.9602272727272728,0.1193181818181818,0.2076704545454545,0.3818181818181818,0.0980113636363636,0.0,0.0397727272727272,76.74176136363636,31.87194843271428,70,48.285714285714285,0.2571428571428571,430.0,0.0397727272727272,0.3224431818181818,0.2431818181818182,0.3946022727272727,0.0,0.0,0.0,0.0,1,1.0,7.0,3.0,1.0,2.0,50.285714285714285,0.24220129990121853,6.34186598963665,0.41531426782988357,1,-0.0509359844688021,75.67,CRITICAL RISK
random_entropy_l3_b,2489,5.869681283436597,5.531669114617067,0.6137791564729465,1.4874053358038817,-0.2932685260452523,-1.161841029723656,0.9533949377259944,0.1442346323824829,0.1599035757332262,0.2924869425472077,0.1149055845721173,0.0,0.0466050622740056,74.35355564483729,31.559740559762133,58,40.91379310344828,0.2586206896551724,693.0,0.0466050622740056,0.3503415026114905,0.2969063881076738,0.30614704700683,0.0,0.0,0.0,0.0,1,1.0,3.0,3.0,0.0,2.0,42.91379310344828,0.2735568617431277,6.1566104991460975,0.4244550282237037,1,-0.052755755610446875,76.17,CRITICAL RISK
random_entropy_l3_c,1774,5.599513252111403,5.405808410094716,0.3083689562836471,0.6368234275231455,-0.2493458536163096,-1.391785432694118,0.9323562570462232,0.0659526493799323,0.1240135287485907,0.3517474633596392,0.1313416009019165,0.0,0.0676437429537767,72.43686583990981,34.50334059749485,60,27.566666666666663,0.2833333333333333,116.0,0.0676437429537767,0.3500563697857948,0.2164599774520856,0.3658399098083427,0.0,0.0,0.0,0.0,1,1.0,7.0,2.0,1.0,2.0,29.566666666666666,0.37877203509208995,6.005765725057817,0.4763229358066026,1,-0.03980166352020165,72.46,SUSPICIOUS
random_session_ids,2148,5.007692433698592,4.776344731007101,0.2497018918392922,0.6439158111808219,-0.4414590406630994,-1.4539841831271798,0.9441340782122905,0.0861266294227188,0.0349162011173184,0.5223463687150838,0.0856610800744879,0.0,0.0558659217877094,77.34217877094972,35.95926400635385,60,33.8,0.2333333333333333,158.0,0.0558659217877094,0.3459031657355679,0.0721601489757914,0.5260707635009311,0.0,0.0,0.0,0.0,1,1.0,3.0,2.0,0.0,1.0,35.8,0.2797593538379097,5.304005595455906,0.4649373030057489,0,0.06443635827175215,35.53,LOW RISK
collected_benign_1,2586,4.720130826340815,4.379390590256572,0.4429330096068321,1.1196750592456552,0.2002481784829537,-1.7657792161967325,0.9824494076141396,0.0128728716444641,0.0398878939005251,0.3961582379375894,0.1159711140822798,0.0,0.0689962484441109,64.15313647788028,32.654728500230206,76,24.83741989214245,0.049827291504187,77.32282083711816,0.070379135299535,0.477904973958246,0.0616683027171704,0.3844475141900845,0.0,0.0,0.0,0.005600073834964,0,1.0,1.0,0.0,0.0,0.0,34.026315789473685,0.3256713191829173,4.804451801547284,0.5090121900975085,0,0.014103457062265179,35.0,SAFE (Mitigat
collected_benign_2,1289,4.894632775143871,4.73876766164459,0.1021859944305819,0.1926221761895475,-0.5382927069011675,-1.4922042875125614,0.9022842318544548,0.0008084087501943,0.0034076870725911,0.5967641689457068,0.1367073651154229,0.0126751791180168,0.076620578112021,77.92042857327517,37.2794506958989,38,28.415446555541585,0.2252468422795862,117.9595721540152,0.068634924908175,0.297368244093587,0.0205868516046584,0.5982577275270999,0.0,0.0,0.0151522518664797,0.0,0,1.0,5.0,0.0,0.0,0.0,33.921052631578945,0.3750295928775691,5.424712748314338,0.47842974401561306,0,0.048562447159502586,41.15,LOW RISK
collected_benign_3,2571,4.658466439119207,4.016434672999506,0.4371615099090636,1.298265404984719,0.0837208312739644,-1.66327008027771,0.8356333033664037,0.0285140163241658,0.0306783858286065,0.398743603735861,0.1287088289734934,0.0017954948463867,0.0658933960793414,68.41626508134588,35.10624737391857,92,27.11260981988898,0.0608361569807365,69.70424656452916,0.0749477489874047,0.4545353215493234,0.0577028167401878,0.3935765684669712,0.0192375442561127,0.0,0.0,0.0,0,1.0,3.0,0.0,0.0,0.0,27.945652173913043,0.3069621741952011,5.574773552409016,0.5131272122524927,0,-0.0002513997494338893,35.0,SAFE (Mitigat
collected_benign_4,1316,4.010599547742445,3.709998486389364,0.149576943297994,0.2455281514543747,-0.2418851455378723,-1.6923455867945685,0.9722939953251764,0.0042523482581132,0.00226267129692,0.4902042930225941,0.0820941825720006,0.0,0.0750583368031123,75.59125109547648,39.01533615221659,47,24.440422742658267,0.1625007579221668,70.83029870226972,0.0757254996232148,0.4183768637390205,0.0362823913838654,0.447587192318677,0.0070927992709013,0.0,0.0046755227746588,0.0102597308896618,0,1.0,3.0,0.0,0.0,0.0,28.0,0.30102893163686234,4.124883591820528,0.5161356054675929,0,0.04080776903053157,43.99,LOW RISK
collected_benign_5,1209,4.650134491127832,4.772170215069699,0.1197352010651498,0.185581360761339,-0.4736547275599959,-1.5127078287053275,0.9938257924952764,0.0228295361581171,0.0015722351059327,0.5877915237928344,0.0987010163427693,0.0,0.0650296458386335,77.58037520121121,35.9139145736379,39,26.82711680880853,0.1349361279417019,67.8838333319228,0.0684711681421251,0.3194771842807755,0.0375037347851745,0.571542110829862,0.0030058019620628,0.0,0.0,0.0,0,1.0,2.0,0.0,0.0,1.0,31.0,0.30239659906005717,4.679023754708936,0.4629252498520683,0,0.07406129256266952,32.29,SAFE
collected_benign_6,1028,4.363620313079711,3.7179474813026223,0.8891328696403893,1.4784536981723306,-0.5672312722714662,-1.391742413797971,0.9476113030950716,0.0009032905048386,0.0031393583744614,0.5861523574980154,0.1347854011083402,0.0,0.0614623567288645,71.63982300917102,40.8713129274018,32,26.244567227661147,0.2706361990674225,88.19559346024359,0.0630668078729563,0.2997188013869194,0.0235200793872671,0.5949296214893464,0.0084990538451038,0.0,0.0,0.0102656360184067,0,1.0,4.0,0.0,0.0,1.0,32.125,0.2681983883118246,4.604863089778826,0.5705110818346052,0,-0.02844811327888952,35.0,SAFE (Mitigat
collected_benign_7,1090,4.440059994031135,4.511262018150652,0.1318492270250267,0.2708884905871298,-0.328098160874746,-1.4746067890978998,0.9655985520429388,0.0171993173500562,0.0025737508319523,0.5209971796880332,0.1026774060719435,0.0059070421789438,0.0735235848328228,74.65781900421436,43.60230709807676,38,25.157059600062208,0.1274266110551024,64.07432883486473,0.0749936979153657,0.3419622336058503,0.069002075128659,0.498019422998775,0.0119153845175542,0.0041071858337955,0.0,0.0,0,0.0,0.0,0.0,0.0,1.0,28.68421052631579,0.3264491276339709,4.598246325698397,0.5840286748212595,0,-0.020179102128057513,35.0,SAFE (Mitigat
collected_benign_8,1299,4.792219670842008,4.922802393609635,0.1129922567901158,0.2194614380029607,-0.5393169248430681,-1.5361374387998454,0.9369348182316108,0.0258933857659625,0.001653455112579,0.5706931853144444,0.1161116954193085,0.0015292715456717,0.0667061202229426,82.5852229674505,40.94969028452433,43,27.10195053410969,0.1364659764519769,65.53433972179495,0.0653485458755627,0.3236233736476654,0.0401128126064567,0.5648538080037585,0.0,0.0039683655717844,0.002093094294772,0.0,0,1.0,2.0,0.0,0.0,0.0,30.209302325581394,0.3196703814979374,5.1147844840337315,0.49584766878529735,0,0.05892839077455192,37.44,LOW RISK
collected_benign_9,9004,5.265299969733465,4.66389496806325,0.2344377116283297,1.1534075111841318,-0.6416509515630878,-1.0464911693070744,0.9445096109489164,0.0272053770720095,0.0425770854841035,0.5447984434040819,0.1529778437730355,0.014531283593122,0.0595693261931875,78.26876909229433,35.29034578421251,282,33.71451324736161,0.2463900515409494,88.37182672579975,0.0585494912715637,0.2692802383816741,0.0764468422779949,0.5686940354117364,0.0099083624418967,0.0154736524196896,0.0,0.001647377795444,0,1.0,1.0,0.0,0.0,0.0,31.929078014184398,0.31365037140203306,5.574638848241681,0.4508866843504109,0,0.051670302364019816,40.02,LOW RISK
collected_benign_10,1309,4.66578338733754,4.343835839802665,0.2641579362989114,0.4974711872941224,-0.4110279896700544,-1.5934214926861363,0.9087620037805272,0.0134975836309096,0.002175029851457,0.5738511269595501,0.1191230695756877,0.0,0.0670213138915014,70.86789897037093,37.22518602898544,40,28.074567117770595,0.2640035660762435,79.81509188825751,0.067704049455258,0.3456200012240994,0.0302543143856095,0.542664812350397,0.0137568225846358,0.0,0.0,0.0,0,1.0,1.0,0.0,0.0,1.0,32.725,0.3127069329525019,5.1342192652504,0.5252757111446026,0,0.07664571984402446,31.45,SAFE
collected_benign_11,1268,4.805942049690718,4.348417673160724,0.0678172434112665,0.1377105491495669,-0.6135364078616351,-1.5625343697404306,0.9328411993671992,0.003211876985903,0.0023187484897651,0.6515574841985543,0.1304197383582389,0.0,0.0571344500578153,75.1267646989977,41.0872934370158,38,31.79335139194567,0.2292552720783884,92.8811076455699,0.0610661994904479,0.302619688071119,0.0241702248365745,0.6024561177098773,0.0094274326028901,0.0,0.0,0.0002603372890909,0,1.0,3.0,0.0,0.0,0.0,33.36842105263158,0.27458485601880883,5.151940172615521,0.5469062004950676,0,0.07308579197353726,32.61,SAFE
collected_benign_12,923,4.933476596622731,4.685140535158543,0.0876669195185642,0.1172260993031336,-0.7860493526124694,-1.0784190500232953,0.9954432566371773,0.0176353840060802,0.0048356336343375,0.618693359134487,0.1029091979034167,0.0,0.057022167467935,73.193662953893,36.89639817604824,28,31.637028258060305,0.1950125120028432,83.31578510094249,0.055192575883035,0.2744202600878371,0.0341999122921158,0.6361872517370121,0.0,0.0,0.0,0.0,0,1.0,3.0,0.0,0.0,0.0,32.964285714285715,0.2813175286917594,4.956060090546078,0.5040927955646987,0,0.06165002442001216,36.49,LOW RISK
collected_benign_13,2366,4.827316820361845,4.585627331308952,0.3499929521884178,0.8475288582078172,-0.2428255301330456,-1.6932163141059575,1.0,0.0189210739607419,0.017786359516002,0.4715093215248474,0.1232570046646639,0.0,0.0766454830780011,76.20092626346474,40.64772703875904,90,27.347660145474663,0.2233255382703382,85.55860795700255,0.0683356984336266,0.3683431004803605,0.0398184075239777,0.5028771519967653,0.0014185744512717,0.0099650577750313,0.0,0.0092420093389667,0,1.0,3.0,0.0,0.0,0.0,26.288888888888888,0.36999202966719386,4.827316820361845,0.5334282538537589,0,0.04184853406371569,43.61,LOW RISK
collected_benign_14,1349,4.386296235664835,4.493852946389302,0.2783903508554468,0.555928815512385,-0.2509188572188912,-1.8203448947249736,0.896815807040268,0.0014397310470398,0.0050223811815034,0.5613348523514766,0.1136030364065991,0.0,0.0661043361457715,79.91295769259455,41.701602115440224,44,29.18271317900832,0.163633437531964,89.20199164499459,0.0619948450091192,0.3738040505011361,0.0238226276908343,0.5158963731832942,0.0114788664613547,0.0,0.0130032371542613,0.0,0,1.0,1.0,0.0,0.0,0.0,30.65909090909091,0.28995320079732045,4.890966685947236,0.5218378010216567,0,0.0760938497031487,31.63,SAFE
collected_benign_15,1282,4.559378776886351,4.656017806606667,0.2824580123926352,0.4990618746835172,-0.3662527963756237,-1.726568706692111,0.9328469266863468,0.015179797922529,0.002628477824505,0.5152495665708047,0.1197289223227789,0.0024797988474753,0.0701895328523694,76.18261811910732,37.60314403109607,43,27.9577972053908,0.2592129795359306,89.14114136421409,0.0653248669982945,0.3461021511576158,0.0337409675696074,0.5436613647901387,0.0,0.0,0.0095922435538401,0.0015784059305036,0,0.0,0.0,0.0,0.0,0.0,29.813953488372093,0.3200206664466604,4.887595860000471,0.4935921731162564,0,0.039752042204153126,44.38,LOW RISK
collected_benign_16,2209,4.337133467427904,4.124461735417736,0.2709321274919481,0.5119307007181317,-0.3588766467695773,-1.5946117758054623,1.0,0.0033098645662998,0.0115486759544566,0.5659002872028458,0.1226225683360357,0.0,0.0650845295872622,75.66838955614114,38.30288593010531,79,29.266714115685986,0.2255308319986343,77.15755999505447,0.0666263224491177,0.3611748919604347,0.0363275414008629,0.5355034638786984,0.0,0.0003677803108861,0.0,0.0,0,1.0,2.0,0.0,0.0,0.0,27.962025316455698,0.2822802914847165,4.337133467427904,0.5061940151598839,0,0.0881022414136245,27.87,SAFE
collected_benign_17,810,4.307195508861306,4.369761707557002,0.1785983125075991,0.2698200946415281,-0.8012715083195715,-1.1250167297148363,0.9425819218198688,0.0257557430627451,0.0049108206895445,0.5754433672066239,0.0847684902629546,0.0,0.0741173838539006,86.1715225281192,35.45574899136382,30,24.598574899679928,0.2228190266584643,62.99676743213869,0.0680609351832571,0.2382062991414971,0.0467200855557225,0.6352775205120411,0.0,0.0050427543603573,4.886978440519058e-05,0.0066435354627194,0,0.0,0.0,0.0,0.0,1.0,27.0,0.31923806286407014,4.569571523868488,0.41145552441404315,0,-0.03954435762713027,35.0,SAFE (Mitigat
collected_benign_18,1763,4.374541216152751,4.592740998913047,0.1638196917739789,0.394834555056278,-0.2325974620868721,-1.546234197609532,0.8825173378083231,0.0169387487118767,0.014150587206734,0.5369805499181082,0.1293363226511646,0.0,0.0672703863808617,72.00846444987585,43.52547298544846,70,25.95811942346622,0.1707302632103678,63.3809863255432,0.064843148133334,0.37193102522989,0.0220391494132819,0.5013574134493992,0.026267913978487,0.0073469863217534,0.0038666073241638,0.0023477561496905,0,1.0,2.0,0.0,0.0,0.0,25.185714285714287,0.29427707784960017,4.956889829515023,0.6044493979696787,0,0.03895684774447311,44.67,LOW RISK
collected_benign_19,1258,5.024792204166806,4.290256143662547,0.0202849190051408,0.0358478526363335,-0.5991983854959274,-1.511485941098027,0.9416471508916132,0.0039561115779581,0.0016219877266553,0.6053244095459643,0.0985886008292462,0.0,0.0654180502040332,75.30021249611013,36.97969245338371,38,26.49412087942292,0.2059289900110796,78.16375932339584,0.0642808581111248,0.2888814540689635,0.0426407940865838,0.5703737080647198,0.0045653303361269,0.0106610106408386,0.0,0.0185968446916426,0,0.0,0.0,0.0,0.0,0.0,33.10526315789474,0.3287121086770187,5.336173108376109,0.4910967874797699,1,0.0020768763372138177,58.4,SUSPICIOUS
collected_benign_20,1090,4.165462320555459,3.898534273989648,0.0946698230884105,0.170661399936416,-0.5339739929988464,-1.6007922332202966,0.8797635234779052,0.0009438741333985,0.0034395814438904,0.5898881128522306,0.120405048311514,0.0,0.0694820330590533,72.52270203669431,37.95508226812925,43,26.386058306290053,0.2173474057126358,96.97267935632472,0.0654734891994658,0.3353555853242659,0.021583198079195,0.5763027877463012,0.0,0.0,0.0,0.0012849396507719,0,1.0,3.0,0.0,0.0,0.0,25.348837209302324,0.2894247906630753,4.734752248068253,0.5233544973120985,0,0.06118465164236475,36.65,LOW RISK
collected_benign_21,1381,4.441953136885867,4.182363797594709,0.2498967191795647,0.5397393664512123,-0.2670301287419973,-1.7712195839147988,0.8680819757145685,0.0015072302915924,0.0048312216774337,0.5333105052235261,0.1107104628157959,0.0164375118727667,0.0663913076847298,63.86866683812306,33.57075480591289,46,29.66693713002749,0.1613411113387494,80.18751441276305,0.0698930600941988,0.3733926954585503,0.0244898216334032,0.5083492859695584,0.0063296434266512,0.0,0.0,0.0175454934176379,0,1.0,2.0,0.0,0.0,1.0,30.02173913043478,0.2949070774321403,5.116974273344909,0.5256216618862409,0,0.02525972567929813,49.79,LOW RISK
collected_benign_22,1070,4.345106481978697,4.186739401509631,0.1601221046637129,0.2777713852563619,-0.358303739958083,-1.8823527079833424,0.972062848009234,0.0065604058244898,0.0034023871250417,0.5269938059725545,0.121313305780285,0.0,0.0781571568544539,79.38735755067317,38.01741148567796,43,28.303475041084507,0.1176760641517676,60.81087645735071,0.0708538716413695,0.3292624370170617,0.0357457160709157,0.5397861486013019,0.0,0.0163770707025576,0.0079747559667935,0.0,0,1.0,4.0,0.0,0.0,0.0,24.88372093023256,0.3396011688613134,4.469985136123031,0.4788849592507389,0,0.07487195274906905,32.03,SAFE
collected_benign_23,1223,4.958791889973906,4.296431072963548,0.1048664692543598,0.1741415187827841,-0.5546997933071494,-1.4107358823112004,0.959019242812633,0.0009265703024447,0.0033885612594545,0.5722148067536602,0.1248014985566071,0.0,0.0707375837641264,73.67101751673772,39.32595031961325,40,28.919770181592284,0.2208182708050908,115.2945706782844,0.0770772706818363,0.3124325307953191,0.0222757630604416,0.5721873845416005,0.0102417182283581,0.0057853326924442,0.0,0.0,0,1.0,1.0,0.0,0.0,0.0,30.575,0.3507729566858998,5.170690710470679,0.5338049024594858,0,0.07145788881488135,33.15,SAFE
collected_benign_24,1279,4.651702345261676,4.466525454057768,0.1090808186510342,0.1983602487430013,-0.487524670489884,-1.4773697618538402,0.8559278145469399,0.0235270171125622,0.0015793480933367,0.5606676424720286,0.093590231668248,0.0239416738539322,0.0665625045295909,80.85363210736878,36.0148366834236,41,25.530330945522493,0.1341458298007863,72.73409419707369,0.0677096438233469,0.3045769737928957,0.0348033563658412,0.5827305015525482,0.0,0.0030461418560162,0.0071333826093514,0.0,0,1.0,4.0,0.0,0.0,1.0,31.195121951219512,0.3096289584267889,5.434690012643085,0.4454325148386415,0,0.04929725456480272,40.88,LOW RISK
collected_benign_25,1153,4.705044619848045,4.26087770423747,0.06028475237912,0.1125533493468347,-0.5524001370486599,-1.4743138266018034,0.9433458274078558,0.0177386823175946,0.0121501180063473,0.5592459931796954,0.1073895226052098,0.0010074924312907,0.0680113123101131,73.76857381738924,38.10242125747166,41,28.92301670021937,0.1780156896385436,56.63082232170747,0.0698124228099311,0.3149354745864249,0.0313083714860241,0.5635823421212093,0.0045204205273893,0.0112792454133049,0.0,0.0045617230557162,0,1.0,1.0,0.0,0.0,0.0,28.121951219512194,0.31999625907350276,4.98761375006731,0.5165129171643263,0,0.10963583860915482,21.86,SAFE
collected_benign_26,2464,4.190987538482219,4.429544318740796,0.3069340153137109,0.7928774978800395,-0.2495502572200927,-1.6667815418604377,0.9254480029536726,0.0189361297265449,0.0187210349285997,0.4964439974641659,0.108549052330988,0.0087089780678939,0.0744822750769157,71.98249063893621,34.93066451559196,77,25.858101383325284,0.1999039735681572,86.33708393362853,0.0719514343819431,0.399222852625324,0.0389972011730522,0.4724650650657252,0.0,0.0064655329141296,0.0108979138398258,0.0,0,1.0,5.0,0.0,0.0,1.0,32.0,0.31215428668515843,4.528604011361206,0.4852661279922083,0,0.0648375308156951,35.39,LOW RISK
collected_benign_27,2543,4.034350867628118,4.035380169212172,0.4389495407885272,1.0388743545441426,0.1933867752219744,-1.648191978077657,0.9635915632497032,0.0138642594171791,0.0414527412591572,0.3664040254162704,0.1227761130438208,0.0129956993619694,0.0704581280246007,67.64224984745022,38.5287597501043,88,26.722613727139525,0.0499592574978664,81.52753886534862,0.0753799264113471,0.4831023156374247,0.0706858598986312,0.3708318980525968,0.0,0.0,0.0,0.0,0,1.0,4.0,0.0,0.0,0.0,28.897727272727273,0.28425280992750085,4.186785170702729,0.5695960710502098,0,0.02643049508705425,49.35,LOW RISK
collected_benign_28,1256,4.564053743951667,4.223611911407941,0.3065644080006461,0.532353898140103,-0.389556155455411,-1.703437081857052,0.9652516935364254,0.0136884938575283,0.0023913337978699,0.5483239920556812,0.1108643748822263,0.0,0.0678055874010168,78.75949029051797,38.80077868192421,41,29.923726091427508,0.234073037834743,78.41627199101151,0.0665846867817226,0.3557839193960687,0.0291253731801504,0.5323655615390388,0.0082617387250191,0.0078787203780002,0.0,0.0,0,1.0,3.0,0.0,0.0,0.0,30.634146341463413,0.3094683450384527,4.728356111171572,0.492648930799334,0,0.12054507541901266,19.19,SAFE
collected_benign_29,1055,4.756540073155279,3.737668457563912,0.9383820592846414,1.5293470386961776,-0.5925694331118114,-1.289546213511621,0.9343398133079812,0.0009132120127341,0.002920626776268,0.6203430875245743,0.130111310862898,0.0003793135094281,0.0693098532055912,77.34777996623865,37.36933998353928,31,26.796439735688065,0.2633112050377303,87.59596269153154,0.0641082453873356,0.305588168650844,0.0209759117400693,0.5945640179998996,0.0,0.0,0.0147636562218513,0.0,0,0.0,0.0,0.0,0.0,1.0,34.03225806451613,0.32967509423690444,5.090803158986662,0.4831339697125184,0,-0.05087189373909018,35.0,SAFE (Mitigat
collected_benign_30,2262,4.496978065653102,4.377623408172021,0.2522259260220578,0.5306550407625845,-0.3598925372114244,-1.7488302094164172,0.9785026692292376,0.003481435476067,0.0108753168100642,0.5369024224534019,0.1094685497060735,0.0,0.0614444328097593,71.7645953163172,40.21880412671008,84,30.233377668022563,0.2286865462271626,80.27369439227486,0.0637837583114492,0.3560525815040696,0.0407464260777324,0.5336235907127848,0.0,0.0057936433939639,0.0,0.0,0,1.0,2.0,0.0,0.0,1.0,26.928571428571427,0.2763142666019834,4.595774960118763,0.5604268225778665,0,0.06461655326888033,35.46,LOW RISK
collected_benign_31,2546,4.315253856341823,4.502065952149097,0.4324774472667019,1.377876621648487,0.0962445958477391,-1.6774130716037725,0.9650896519775009,0.0254827938257905,0.0262081501939669,0.4203519789531103,0.1308139571048953,0.0,0.0735037310735088,68.68700024124831,37.61081098649172,94,25.479976113743465,0.0598349084797549,69.10022173506094,0.0747390311192444,0.4681329425032372,0.0551410830592072,0.39561318766495,0.0063737556533612,0.0,0.0,0.0,0,1.0,1.0,0.0,0.0,0.0,27.085106382978722,0.3171872589704711,4.471350249688952,0.5475681112057862,0,0.055409795392407535,38.68,LOW RISK
collected_benign_32,2800,4.267743388995318,4.065404349288839,0.482652601266208,1.3986216573910752,0.0843160967603551,-1.6523854022731772,0.989741687605715,0.0279816396888603,0.0267846238817564,0.3817421584106116,0.1193332527176007,0.011117017451038,0.0733151406824274,71.45305426175678,40.05756007686929,92,24.01147355407455,0.0644610618408534,65.84947659323986,0.0737845124478514,0.4384681680927206,0.060183309511468,0.4034528357691124,0.0093105071995781,0.0030553902223386,0.0117452767569309,0.0,0,1.0,2.0,0.0,0.0,0.0,30.434782608695652,0.3128902069606912,4.31197699605785,0.5606136853174233,0,0.03870387777837242,44.77,LOW RISK
collected_benign_33,2372,4.097347681248163,4.135270710438431,0.4643862851113409,1.328968026350082,0.0814118198531278,-1.6771372541878529,0.8876578144389734,0.0271199493981919,0.0294826501592439,0.4062865541477389,0.1245365821023432,0.0,0.0752427415076125,69.6749798481638,39.80712544080702,99,26.17071809335174,0.0580085651670053,70.12127167504762,0.078636527884561,0.4565617127471202,0.0611146423632235,0.3827134179519913,0.0,0.0063450814502394,0.0134641558871361,0.0011644617157282,0,1.0,2.0,0.0,0.0,1.0,23.95959595959596,0.308295672446971,4.615908984970532,0.5713259699185416,0,0.01625176966028069,35.0,SAFE (Mitigat
collected_benign_34,1362,4.523968145428486,4.143063593401267,0.2644491332574879,0.5488343154720788,-0.2576799112058222,-1.693816851082706,0.9826114698870798,0.0014986340586568,0.0051661964423232,0.5645972636943021,0.1159324002573697,0.0,0.0612272316727018,70.48248554272801,38.15772066394124,43,31.256088816986846,0.1457262056333949,78.74618174178761,0.0617253711383897,0.3830592178513975,0.0279381744159165,0.521939663961483,0.0053375726328133,0.0,0.0,0.0,0,1.0,1.0,0.0,0.0,0.0,31.674418604651162,0.276990045720073,4.604025379378458,0.5413787605547651,0,0.07945912870526595,30.55,SAFE
collected_benign_35,1946,4.489890987561096,4.945360701385092,0.1482538675925435,0.3385340857040258,-0.2448324299166271,-1.632265873958396,0.9190479346800428,0.0156053391266143,0.0127563505698585,0.5473121570951817,0.1276834176261657,0.0031698504232654,0.06655016117276,72.12232752507208,39.50144966967413,67,27.972316675613275,0.1720540179525529,66.23963119490251,0.0657069800261416,0.3495383214630904,0.023394012175946,0.5355357950253891,0.0026269229744545,0.0,0.0083271041778868,0.0148708641570912,0,0.0,0.0,0.0,0.0,1.0,29.044776119402986,0.2988029688703135,4.885371935604432,0.5477007055262066,0,0.004913244002404227,35.0,SAFE (Mitigat
collected_benign_36,3132,3.986467428813517,4.355739786559669,0.1745380360732649,0.5660635753597032,-0.4227790006543693,-1.455922191116453,0.941460181647708,0.001966203827292,0.0065555470156631,0.5452561811741057,0.0877586034405295,0.0166027932192896,0.0659453517228281,78.05203881885315,37.141991817087934,99,27.48470806012853,0.2033454385010025,72.93288935878068,0.0640120866385031,0.360686007773376,0.0367726529076847,0.5140293400574932,0.0,0.0121651283680633,0.0123347842548795,0.0,0,1.0,3.0,0.0,0.0,0.0,31.636363636363637,0.26288899672470556,4.234345229382461,0.47586190417509555,0,0.06921114736352363,33.9,SAFE
collected_benign_37,10302,5.328512320519263,4.9025873856642255,0.2706554554751417,1.256778584076704,-0.6417934044012789,-1.0646087286206605,0.843573733159137,0.0251526664248871,0.047846557242595,0.5726363576437541,0.1477721194817614,0.0,0.0635556969563106,77.76738895387798,35.742634516037654,303,32.16911367414207,0.2424436297320252,93.67377825013152,0.0551456715669094,0.3050997056629682,0.0679728666629955,0.5581701824081268,0.0,0.0036428248763674,0.0,0.0099687488226324,0,1.0,3.0,0.0,0.0,0.0,34.0,0.33865731427088963,6.316593453620561,0.45960954838326606,1,-0.00013973227190272608,59.21,SUSPICIOUS
collected_benign_38,1048,4.802139955117784,4.317785670215609,0.142572935760697,0.2685816879586203,-0.3314528169849202,-1.6684532031940889,0.9661759455839168,0.0173364754290649,0.0027446202121486,0.5112509478991089,0.1119650298873164,0.0,0.0768216400547841,77.80543972616323,37.5637639954493,40,24.9985264286694,0.1434063362437516,65.63008553720825,0.0730789808692334,0.3488237758643974,0.0623525881861113,0.4935916121027822,0.002310344901616,0.0149443810771483,0.0048983169987111,0.0,0,1.0,1.0,0.0,0.0,0.0,26.2,0.36890826712475555,4.970254100266975,0.48279097358301964,0,0.06989906700814807,33.67,SAFE
collected_benign_39,10085,4.841183849612745,4.242493618210127,0.2481782227482405,1.1811086486330689,-0.6715626795472472,-1.063591596003782,0.8734040882760891,0.025409967540284,0.0447093384661611,0.5127048512610133,0.1453521339042377,0.0103506547597753,0.0611343090103723,70.69412107722987,37.97695932341568,271,31.890126576578496,0.2462899339621814,96.37852117696946,0.0609097142777927,0.299526117801316,0.0680069479993506,0.5594528161250448,0.0,0.0026749262091803,0.0094294775873154,0.0,0,0.0,0.0,0.0,0.0,0.0,37.2140221402214,0.29596242943824924,5.542891216788549,0.5372010959995911,0,-0.02781285664780786,35.0,SAFE (Mitigat
collected_benign_40,1992,4.631112163224664,4.7271739298955335,0.1583091938482595,0.3713309840865995,-0.2339524345330206,-1.523775317472975,0.8854399390074953,0.0176327731483974,0.0139681193058888,0.4805930162243915,0.1174323946271279,0.0059231101663911,0.0662818356765985,74.32575234304241,36.7177285988373,66,28.5568532780003,0.1813537003499153,69.17969618981165,0.0662290860562437,0.3504555279821377,0.0229295713197288,0.5382309760441597,0.0121513713660685,0.003319399322908,0.0,0.0066840679087533,0,1.0,4.0,0.0,0.0,0.0,30.181818181818183,0.30695861540275377,5.230295087451958,0.4940108568208045,0,0.09147398669716961,26.86,SAFE
collected_benign_41,3089,4.114808728042148,3.922759375154604,0.5059422679902623,1.4630240110768091,0.4778973211626813,-1.4215348250250708,0.8374311131830798,0.0634131088806081,0.01619815012714,0.3007223418016743,0.1591471481793612,0.0,0.0704068459000095,57.37457659333706,35.15260622731687,114,27.20069561207784,0.0360054906663471,77.27551935763232,0.0698978345684151,0.5540384387366722,0.0343166139318228,0.325248055609364,0.0031999215368285,0.009327087382178,0.0,0.003972048234719,0,1.0,1.0,0.0,0.0,0.0,27.096491228070175,0.2897107040232776,4.913608610028519,0.6126861114195858,0,-0.08416635722311638,35.0,SAFE (Mitigat
collected_benign_42,1047,4.657129192041796,3.845803850930833,0.1381909147825297,0.2870967230964888,-0.3637149169791243,-1.6276663535064124,1.0,0.017505453441469,0.0029211439060774,0.5040115393563428,0.1089291454242813,0.0,0.0754954228963965,65.6924801586724,36.63981944692308,40,27.060256558168227,0.1207474759246467,61.97713895125382,0.0736456493553642,0.3585642556014483,0.0656504289473588,0.5021396660958286,0.0,0.0,0.0,0.0,0,0.0,0.0,0.0,0.0,0.0,26.175,0.3515919378363488,4.657129192041796,0.5577475436826854,0,-0.05328234054004588,35.0,SAFE (Mitigat
collected_benign_43,1186,4.7225368323018095,4.937719927913538,0.1168243987594084,0.2191443202956708,-0.5119911699985032,-1.537818578675857,0.9719344977351356,0.0252974808577724,0.0015214866371301,0.5917658016440648,0.0923680536571232,0.0,0.0661822069571863,78.6572231056826,37.4727446875925,42,27.475998126040366,0.1497258902476202,73.33317229433733,0.0691690355175159,0.3124936780125896,0.0373958749890348,0.5556527275668961,0.0029120800077923,0.0043314463473264,0.0001829204687331,0.0178622370901115,0,1.0,3.0,0.0,0.0,0.0,28.238095238095237,0.3125479099983334,4.858904425459297,0.47640563966064137,0,0.09419766362272969,26.07,SAFE
collected_benign_44,2679,4.716937104958855,4.3330176804386245,0.4703690456120798,1.2976860877620238,0.0970741685824731,-1.9299595483863048,0.8552889133944468,0.0296350589400834,0.0276973150338604,0.3852680999223462,0.1310948247138383,0.0,0.0672929461075114,68.47769231151233,36.79041907882014,102,26.966548236000616,0.063386351504168,63.92728366780113,0.0683625402235127,0.4790881975056648,0.0628507991214191,0.3895284484063318,0.0,0.0001700147430714,0.0,0.0,0,1.0,1.0,0.0,0.0,0.0,26.264705882352942,0.31741659439651704,5.515021919597211,0.537261374280205,0,0.012881010756716771,35.0,SAFE (Mitigat
collected_benign_45,2679,4.507879497550842,4.265505960941442,0.4758939161380202,1.2629154186911815,0.0843381245099398,-1.6710536964549891,0.9079817188297516,0.0286941316975094,0.0267043929077112,0.3829021431551553,0.1338264393553843,0.0085305313923898,0.0721482775715196,72.82857457220902,41.8272817397049,96,25.47311480741656,0.0640658622008609,67.33292041485129,0.0702469267071599,0.4137696597778149,0.0603913983407174,0.4259351577071061,0.0145892875595925,0.0,0.0,0.0150675699076087,0,1.0,4.0,0.0,0.0,0.0,27.90625,0.3252357412482605,4.964724954331463,0.5743251462135023,0,0.05022540169955919,40.54,LOW RISK
collected_benign_46,1142,4.50626963754483,4.4983501911500055,0.1116983716844638,0.2056805072982185,-0.4896646323535222,-1.5533180984095127,0.9901592916601056,0.0258056725057568,0.0015376268229353,0.5778058471458571,0.1050122768753762,0.0054900155312441,0.0721750760625914,77.49090508601718,39.58749189319478,45,24.911157605659,0.132278381843399,68.35249137514747,0.0695029988399264,0.3256230035402287,0.031403736659494,0.5519735053459154,0.0042267060385839,0.0035550923408067,0.0,0.0137149572350446,0,1.0,3.0,0.0,0.0,0.0,25.377777777777776,0.32524035384834427,4.5510552448481265,0.5108662990740849,0,0.0952031475683659,25.78,SAFE
collected_benign_47,6087,4.384973831431632,4.296605581457536,0.2592852490002498,0.8355934407075039,-0.2296579533470263,-1.7150222862274036,0.9261871666751348,0.0350760697362403,0.0075312113713781,0.4901616736105763,0.0969697362930054,0.0,0.0676981009685872,77.27619861822542,34.14580133467016,203,26.6166641941113,0.2184113485392608,94.51637570239036,0.0701906089021771,0.389536342767375,0.0466105868729943,0.4765258618137458,0.0,0.0151674475368296,0.0,0.0019691521068778,0,1.0,4.0,0.0,0.0,0.0,29.985221674876847,0.2968544011848713,4.734435964139942,0.4418669906805813,0,0.08839102302721469,27.78,SAFE
collected_anomaly_1,3549,4.991848934191191,4.462218227415521,0.3367843268842867,1.2327485009538066,-0.8925436894276884,-0.9487688472911536,0.9190345673163588,0.0331983207577134,0.028791633329107,0.6801434379734145,0.1394487298033782,0.005894121918141,0.0272036759590824,88.45301924387557,32.57954617753536,47,71.34168319739415,0.2924048744910107,985.5752763168376,0.0274708069274413,0.2901001731051567,0.0391360251919284,0.6200168042521779,0.0151890872795608,0.0,0.0080871032437347,0.0,1,1.0,8.0,5.0,1.0,4.0,75.51063829787235,0.135796640842428,5.43162260889459,0.3683259933469275,0,-0.09360959583323991,35.0,SAFE (Mitigat
collected_anomaly_2,3584,5.203511007465666,4.693245804155064,0.3363345140984009,1.0658156508287555,-0.8742861919624741,-0.8912375861638189,1.0,0.0296217948972481,0.0261688604842948,0.6596874466100026,0.1421603819580363,0.0225902184996334,0.0274007225780922,88.43187833367617,31.943889427915515,49,74.35771924600158,0.2963691403655891,895.9163135606891,0.0263840857052262,0.2645016887053674,0.0374367167458833,0.637284847528856,0.0,0.0055404968721734,0.0094527475443451,0.0193994168981483,1,1.0,4.0,5.0,1.0,4.0,73.14285714285714,0.14257996154761576,5.203511007465666,0.36122595188335843,1,-0.08471650883146742,83.77,CRITICAL RISK
collected_anomaly_3,2499,5.089375328104008,5.612963600446064,0.6255111061337052,1.5000145658773212,-0.3060456229867237,-1.2005571186333714,0.9365977251903712,0.1317242932991399,0.1682338656093981,0.302684851983158,0.1207193055120676,0.0120678731394369,0.0522137239796595,70.86657854665764,31.85637268216857,57,40.69437223345035,0.2781797593477593,638.3359969525014,0.0463243526409637,0.3376545427451475,0.3062488634600408,0.2984885816133837,0.0,0.0085322688019277,0.0027513907385363,0.0,1,1.0,3.0,5.0,1.0,4.0,43.8421052631579,0.26573523861051174,5.433896742669913,0.449526043665206,1,-0.08014555798941703,82.82,CRITICAL RISK
collected_anomaly_4,1856,5.483504212322036,5.675478842059006,0.3556904948170786,0.901717397233624,-0.2444967585599298,-1.5771040226895314,0.8594520840948142,0.0522419633127882,0.0842983256357697,0.475897087996757,0.1236480345485477,0.0,0.0559308010277257,76.54841868905048,33.94108977920095,51,33.44964556887899,0.2179681399508515,121.35452103228324,0.0625068748184163,0.3759090531537513,0.1106922695771194,0.4508918024507128,0.0,0.0,0.0,0.0,1,1.0,5.0,1.0,0.0,4.0,36.3921568627451,0.30669678303407955,6.380232608426719,0.4433937416404906,1,-0.05916152071997771,77.87,CRITICAL RISK
collected_anomaly_5,2466,5.832581650533257,5.4202544498379455,0.6336923751239414,1.5397988238545113,-0.2978865675811464,-1.1669289950495674,1.0,0.1474696524398993,0.1557592345329866,0.3097529417900624,0.11043073048432,0.0182441302481071,0.049622402952934,72.35412229304298,31.210809100271103,62,42.11457715870689,0.2828487671552628,741.8164997244664,0.04518896407007,0.3436473472360443,0.2981529230007704,0.2794039722669557,0.0,0.0,0.0116712138272791,0.0219355795988803,1,1.0,7.0,5.0,1.0,4.0,39.774193548387096,0.28942671691865013,5.832581650533257,0.43136186455090336,1,-0.09289055742160635,85.37,CRITICAL RISK
collected_anomaly_6,3335,5.171670868620473,4.695901235894512,0.286586975777546,0.9524453605402126,-0.3379301117638092,-1.4358413817913425,1.0,0.0121580265486809,0.1244837457576689,0.4500102220512932,0.091946486293112,0.011738728613886,0.0458669186836569,70.73521621600605,32.91689375049189,72,43.25823487173762,0.1462080360799718,403.9107618774106,0.0433865753858036,0.3119757827232385,0.1588089496552866,0.4533774768244528,0.0246709093439992,0.0024956726300018,0.0,0.0052846334372172,1,0.0,0.0,5.0,1.0,1.0,46.31944444444444,0.2372086071896525,5.171670868620473,0.46535368818231465,1,-0.09787500812519156,86.28,CRITICAL RISK
collected_anomaly_7,3578,5.2041718054033685,4.734732139219171,0.3547903616857544,1.051766541070836,-0.8633453511414612,-0.8943936969116252,0.9783407729010436,0.029469607614485,0.0242059636028601,0.6588123081289986,0.138342373585758,0.0,0.0280786210599155,84.24541465196279,32.88532772674577,44,72.19832239334674,0.295869331505766,967.5621631148584,0.0241428986911509,0.2484517450227464,0.0394701801518174,0.6626869309048192,0.0101519646142983,0.006336353190483,0.0003742026113183,0.0083857248133661,1,1.0,6.0,1.0,0.0,1.0,81.31818181818181,0.1461259680546175,5.319385585833859,0.3903515445036698,1,-0.04170317464487161,73.03,SUSPICIOUS
collected_anomaly_8,2155,5.322851667374943,4.784746280174811,0.249301776604717,0.64604982527656,-0.4387966924012306,-1.470936662688985,0.8982088000306355,0.0927110718618871,0.0360291421128835,0.5776402158024183,0.0877921390438088,0.0,0.0532239198859488,76.06604917069134,33.88631500704345,66,33.77121641094904,0.2425039937611606,165.59955238095588,0.05592797594227,0.3703844354744877,0.0682092523922778,0.4951077069173495,0.0015621996541598,0.0071094919841112,0.0016989376353437,0.0,1,1.0,9.0,1.0,1.0,4.0,32.65151515151515,0.28330303070915297,5.926073834049939,0.44548540875316067,1,-0.04603026620638184,74.29,SUSPICIOUS
collected_anomaly_9,3942,4.55594545784817,3.4464306061309067,0.6322664448886339,1.9855783061845664,-0.0904544561080521,-0.8568728236016047,0.9804895469814076,0.1418280359636867,0.380437368669895,0.2686161579972497,0.0413625099053589,0.0067882786799998,0.0345216193746238,68.85992066222838,31.721420018069093,71,47.94270394998114,0.0961425366514642,82.33329589853135,0.0362229483679085,0.2975040711957781,0.3742381881275951,0.2891518361174311,0.0,0.0,0.0028829561912871,0.0,1,1.0,4.0,2.0,1.0,2.0,55.521126760563384,0.1572786149873807,4.646602783144777,0.4606659390978531,0,-0.07844083802992396,35.0,SAFE (Mitigat
collected_anomaly_10,4845,4.512827245246013,3.96873136979208,0.4118963291476433,1.296486522134373,-0.316813033227487,-1.73444522267753,0.9574448679920822,0.0136729614423782,0.0223214998947687,0.5475311944291463,0.1181710660501188,0.0119773292887888,0.0415001771466407,78.94178272090097,37.16190930548463,93,49.54299451997138,0.1202426838322163,551.0181201849679,0.0376809886522061,0.3525678069514404,0.0381681750745347,0.540552212431456,0.0030036996292454,0.0233804368815744,0.0,0.0046466803795426,1,1.0,9.0,2.0,1.0,2.0,52.096774193548384,0.1872831301098961,4.71340689799732,0.47075082452686334,0,-0.027201156773908552,35.0,SAFE (Mitigat
collected_anomaly_11,1833,5.238035900764042,5.585234547445995,0.2961166410581946,0.6424630828616348,-0.2524020854114909,-1.4014244508739766,0.9099317705212604,0.0652876366703456,0.1132631614070817,0.3496884035354567,0.1248224697381207,0.0125444058171026,0.0729272470731379,78.76927758986749,34.134056857033734,54,26.615523470816424,0.282388333490318,121.50320760371208,0.0696366832942647,0.3511813928651592,0.2110937270872116,0.3651875947218703,0.0029006020314941,0.0,0.0,0.0,1,1.0,3.0,1.0,0.0,2.0,33.94444444444444,0.3819955383129857,5.756515016245007,0.4333422611130381,1,-0.031245118499253488,69.83,SUSPICIOUS
collected_anomaly_12,3673,4.946806755865508,5.033274352243942,0.3464796758368486,1.1279221632001954,-0.8056305644045646,-0.8660892536531569,0.950862114407491,0.0346679971523214,0.0261351420638515,0.615018677038301,0.1374372213516135,0.0087183225142641,0.0272926231655643,85.8700339401189,31.89123001142823,46,73.40712462849069,0.2981809822999635,882.3040991118147,0.0245013115202596,0.284931469042964,0.0394685143892677,0.6510987050475086,0.0,0.0,0.0,0.0,1,1.0,7.0,2.0,1.0,3.0,79.84782608695652,0.13501133266070495,5.202443846390918,0.37138951212791466,0,-0.04318588866457673,35.0,SAFE (Mitigat
collected_anomaly_13,2240,5.192004348136045,4.655258288223994,0.2469921148737101,0.6295137592487985,-0.4225713095424778,-1.451117351081599,0.8623452884130958,0.0824772454993855,0.0369238380661876,0.5752400952009259,0.0832127104504439,0.0096375671852419,0.0552079049584541,79.65676041823777,37.58990940969399,53,32.71471012819678,0.2303216360609163,154.3708282992518,0.0548544628704848,0.3498837638533969,0.0691911241392309,0.5177301171647755,0.0,0.0,0.0,0.0083405319721119,1,1.0,7.0,4.0,1.0,1.0,42.264150943396224,0.2866396825957752,6.0207951709117244,0.4718985458651368,1,-0.04460339967834859,73.88,SUSPICIOUS
collected_anomaly_14,4527,4.976721841445446,4.147209377017251,0.3737593098307896,1.209898708765193,-0.3154402742782268,-1.6022001827661494,1.0,0.0125796410276259,0.0215619745989104,0.5278742738519716,0.1201901054276226,0.0008257401342594,0.0434233574087098,66.83240712106914,34.76261839912356,98,47.85280281392166,0.1200004009561575,586.5244661824729,0.0401484758823519,0.3483840464673753,0.0396940495941236,0.545045111251021,0.0,0.0027289055992205,0.0167390780554697,0.0072603331504379,1,1.0,6.0,1.0,0.0,2.0,46.19387755102041,0.21610597124481798,4.976721841445446,0.5201461371299991,1,-0.01552802814380072,64.64,SUSPICIOUS
collected_anomaly_15,4691,4.772343696135097,4.14902360513854,0.3926422511774074,1.142792402031631,-0.3341066338489655,-1.5253673262776628,0.9037388108810936,0.0131134292104966,0.0202689760232288,0.5162718847439152,0.1119122909360313,0.0074921920716137,0.0428283631980118,79.7173992768061,33.70490263857008,95,50.30415258339498,0.1127247727873588,615.7780523819519,0.0419685530874555,0.3804361075798338,0.0384836139979746,0.5159660468626267,0.0,0.0,0.0069785807061533,0.0161670977659558,1,1.0,6.0,3.0,1.0,4.0,49.37894736842105,0.204391669123816,5.2806669788612215,0.42280484491892567,0,-0.04306053847639124,35.0,SAFE (Mitigat
collected_anomaly_16,2428,5.8471148181250525,6.022046004863951,0.6081453353321472,1.5321374526819214,-0.296751796480994,-1.2558079582604171,0.9393528396581632,0.136316485765729,0.1629922291224969,0.2944743547692905,0.1209018466824962,0.0044829261396633,0.0481981072877328,73.58848949845036,31.640734384435813,51,38.20494633515816,0.241803767889957,732.7895229706435,0.0449765211703537,0.3484716632406114,0.298649351946589,0.2974272144469054,0.0,0.0009875635411577,0.0068314556795517,0.0026562299748308,1,1.0,9.0,3.0,1.0,3.0,47.6078431372549,0.28181986732768355,6.224620367627629,0.4299685263291362,1,-0.07139411133531681,80.87,CRITICAL RISK
collected_anomaly_17,1876,5.20485595869056,4.843380553244892,0.379452440111436,0.9526328178927976,-0.2550599155556451,-1.561932327125919,0.9796803292594088,0.0477065996524896,0.0782423231310174,0.4522980070510772,0.1201226037758639,0.0012162941242813,0.0613622233108391,76.14896453926777,38.24152711165258,51,30.832659667872488,0.2246394980200352,110.7336060363288,0.0623059891048786,0.3727100677654553,0.093808605730593,0.4711753373990731,0.0,0.0,0.0,0.0,1,1.0,8.0,2.0,1.0,1.0,36.78431372549019,0.31938153363792166,5.312810519146772,0.5021936587454522,1,-0.002816082729279634,60.18,SUSPICIOUS
collected_anomaly_18,1765,5.115099494760372,5.250409503245381,0.4046337167095691,0.9296398924465484,-0.2631010112534387,-1.5201436147053866,0.8623519513537037,0.0496805567360224,0.0833569534802318,0.494173264522497,0.123367749358989,0.0,0.0567520615220769,74.856759857691,37.576864477145335,57,31.137740194934544,0.2077584941799144,120.23799747096984,0.0662154436346916,0.3593417530833823,0.1012299367281015,0.461839768412612,0.0,0.0,0.0070648614518619,0.0043082366893504,1,0.0,0.0,3.0,0.0,1.0,30.964912280701753,0.2902924412181851,5.931568296135686,0.5019835823589228,1,-0.07547592547455229,81.8,CRITICAL RISK
collected_anomaly_19,2408,6.537638669519955,5.742143234263963,0.5837104970793953,1.5454398356244587,-0.3064889036335782,-1.2182631071641994,0.9790329206422472,0.1449189526126745,0.1542286371985549,0.2842687972683187,0.1251731324789361,0.0012804523514007,0.0479008951710906,82.41437911493121,33.66165605247222,58,43.47151362250274,0.2665827415705203,692.9749881040894,0.0473263201611057,0.3379277540797183,0.2868762882680831,0.316328878874296,0.0,0.0,0.0,0.0115407586167969,1,1.0,6.0,4.0,1.0,3.0,41.51724137931034,0.3131587445751436,6.677649476006643,0.40844396832170826,1,-0.10912022471360117,88.16,CRITICAL RISK
collected_anomaly_20,2456,5.732083204993194,5.749120435951861,0.6229164199782474,1.456368225816667,-0.2612038577362307,-1.1911067961966175,0.9001123706747962,0.1462223032095823,0.1624581720925687,0.2882069798974426,0.1239516932930328,0.0,0.0471240847616703,74.87656133443322,31.98126428398757,53,39.324697361175325,0.2606782753224985,716.8897605666517,0.0482641524715692,0.3601942942643569,0.2861737624508925,0.2983323289468896,0.0070354618662917,0.0,0.0,0.0,1,1.0,7.0,4.0,1.0,3.0,46.339622641509436,0.27011917481304604,6.368186230676916,0.4271198318141843,1,-0.07064490079976105,80.69,CRITICAL RISK
