file_id,file_size,global_entropy,block_mean_entropy,block_std_entropy,block_entropy_range,byte_skewness,byte_kurtosis,ascii_ratio,digit_ratio,uppercase_ratio,lowercase_ratio,symbol_ratio,null_ratio,non_printable_ratio,byte_mean,byte_std,line_count,avg_line_length,empty_line_ratio,max_line_length,hist_bin_0,hist_bin_1,hist_bin_2,hist_bin_3,hist_bin_4,hist_bin_5,hist_bin_6,hist_bin_7,label,text_length,entropy_x_nonprint,entropy_x_digit,pred_anomaly,raw_score
base64_asset_loader,3769,4.865639400451373,3.949484406263176,0.6526018004874239,1.895058083183777,-0.0874056888814701,-0.8602234065693941,0.9628548686654284,0.1326611833377553,0.3616343857787211,0.2892013796763067,0.0421862563014062,0.0,0.0371451313345715,70.97877421066596,28.6324282307339,70,51.84285714285714,0.1,80,0.0371451313345715,0.3040594322101353,0.3680021225789334,0.2907933138763597,0.0,0.0,0.0,0.0,1,53.84285714285714,0.180734814556432,0.6454814805586855,1,-0.057796129240621386
base64_payload_stub,2920,5.087162856004129,4.689776567186686,0.2103738742013577,0.5211366950602612,-0.0735398630259182,-1.132145871168612,0.9664383561643836,0.0332191780821917,0.3684931506849315,0.2938356164383561,0.0441780821917808,0.0,0.0335616438356164,70.50205479452055,30.74830426146947,49,57.59183673469388,0.1428571428571428,109,0.0335616438356164,0.2825342465753425,0.3886986301369863,0.2952054794520548,0.0,0.0,0.0,0.0,1,59.59183673469388,0.1707335479069877,0.1689913688467121,1,-0.021853130114267816
benign_app_01,3155,4.404603004414832,4.315307761309614,0.1991238270741003,0.5406174655976015,-0.3483591729573282,-1.6412242191766042,0.9378763866877972,0.0098256735340729,0.0057052297939778,0.5385103011093503,0.0906497622820919,0.0,0.0621236133122028,75.68050713153724,38.2581934552889,98,30.193877551020407,0.173469387755102,102,0.0621236133122028,0.3600633914421553,0.0361331220285261,0.5416798732171156,0.0,0.0,0.0,0.0,0,32.19387755102041,0.2736298538400337,0.0432781911685768,0,0.08063112751533996
benign_app_02,2929,4.368566126496678,4.273485257264737,0.1868779734951173,0.5530300372667014,-0.4152336003001827,-1.5951073380523666,0.9344486172755206,0.0020484807101399,0.0071696824854899,0.5541140320928645,0.091157391601229,0.0,0.0655513827244793,76.36087401843632,38.08279042627512,96,28.510416666666668,0.1979166666666666,76,0.0655513827244793,0.3414134516899966,0.0355069989757596,0.5575281666097645,0.0,0.0,0.0,0.0,0,30.510416666666668,0.28636555011517983,0.008948923441099028,0,0.07718911931498829
benign_cli_01,1183,4.609236599142458,4.531722992263897,0.0998579655750558,0.1914253879381755,-0.5330250622163765,-1.4397932976347247,0.9306846999154692,0.0008453085376162,0.0033812341504649,0.588334742180896,0.1310228233305156,0.0,0.0693153000845308,78.85122569737955,37.71712365097235,41,26.853658536585368,0.2195121951219512,108,0.0693153000845308,0.3136094674556213,0.0219780219780219,0.5950972104818258,0.0,0.0,0.0,0.0,0,28.853658536585368,0.3194906180301617,0.0038962270491481785,0,0.08515941650589881
benign_cli_02,1278,4.626949805897504,4.531526549016779,0.065560640425359,0.1307776612126137,-0.6037315994226651,-1.3729628068993072,0.9389671361502347,0.0031298904538341,0.0023474178403755,0.6087636932707355,0.1298904538341158,0.0,0.0610328638497652,80.28873239436619,37.210861928985565,39,30.76923076923077,0.2051282051282051,95,0.0610328638497652,0.3035993740219092,0.0250391236306729,0.6103286384976526,0.0,0.0,0.0,0.0,0,32.76923076923077,0.2823959975430399,0.014481846027848138,0,0.0864242851009992
benign_cli_03,1036,4.481242066370149,3.9274738276636736,0.8809648061504531,1.6245317076612458,-0.5896849815420613,-1.3948347659367764,0.9343629343629344,0.0009652509652509,0.0028957528957528,0.6042471042471043,0.1254826254826254,0.0,0.0656370656370656,80.25,37.76745358364858,34,28.47058823529412,0.2647058823529412,84,0.0656370656370656,0.3021235521235521,0.0241312741312741,0.6081081081081081,0.0,0.0,0.0,0.0,0,30.470588235294116,0.29413557964591697,0.004325523230086724,1,-0.0004380607634165701
benign_config_01,2330,4.254902722198767,4.170043184567176,0.4345422934274359,1.079862235314747,0.1863577082629366,-1.686848708578789,0.9278969957081544,0.0137339055793991,0.0412017167381974,0.3789699570815451,0.1248927038626609,0.0,0.0721030042918454,64.98369098712446,37.967500108490185,84,25.73809523809524,0.0476190476190476,78,0.0721030042918454,0.4733905579399141,0.0660944206008583,0.388412017167382,0.0,0.0,0.0,0.0,0,27.738095238095237,0.3067912692400823,0.05843643223620606,0,0.040864713334757
benign_config_02,3012,4.275306130972523,4.112470860341069,0.5207431895250269,1.4444771218339474,0.492641892972772,-1.4222590979240877,0.9276228419654714,0.0607569721115537,0.0162682602921646,0.3114209827357238,0.1586985391766268,0.0,0.0723771580345285,59.632802124834,36.25589606833373,109,25.63302752293578,0.036697247706422,69,0.0723771580345285,0.5693891102257637,0.0335325365205843,0.3247011952191235,0.0,0.0,0.0,0.0,0,27.63302752293578,0.30943450748738693,0.25975465536785214,1,0.002808585039358713
benign_config_03,2615,4.4300709296392125,4.246727914345417,0.4691447883716031,1.2740957692497434,0.0853387534878845,-1.7184365939456665,0.9273422562141492,0.0275334608030592,0.027151051625239,0.3992351816443594,0.1284894837476099,0.0,0.0726577437858508,66.9889101338432,38.17018687056428,95,25.526315789473685,0.0631578947368421,68,0.0726577437858508,0.4565965583173996,0.0630975143403441,0.4076481835564053,0.0,0.0,0.0,0.0,0,27.526315789473685,0.3218789585588718,0.1219751842959933,0,0.04880911746567823
benign_inventory,2269,4.5476210902721,4.4402039589556175,0.3250133597615007,0.7954525747982855,-0.2549412354011045,-1.673600703128869,0.9277214631996474,0.0176289114147201,0.0180696342000881,0.50330542089026,0.1084178052005288,0.0,0.0722785368003525,73.54561480828559,38.33320160158131,82,25.67073170731708,0.2195121951219512,87,0.0722785368003525,0.373292199206699,0.0409872190392243,0.5134420449537241,0.0,0.0,0.0,0.0,0,27.670731707317074,0.32869539832729117,0.08016960934811969,0,0.07982029180966532
benign_long_01,9487,4.974672880689669,4.682513532978289,0.2526956550804095,1.1988863057592116,-0.6404052718674005,-1.1198934632891178,0.9399177822283123,0.02498155370507,0.0464846632233582,0.5615052176662801,0.1427216190576578,0.0,0.0600822177716875,80.1548434700116,34.5466346056214,285,31.28771929824561,0.2491228070175438,86,0.0600822177716875,0.3034679034468219,0.0741014019184146,0.5623484768630758,0.0,0.0,0.0,0.0,0,33.28771929824561,0.29888937936050464,0.12427505773410424,0,0.0626121747929459
benign_long_02,5912,4.561582980725403,4.379887186628962,0.2552950697783905,0.7837384184860592,-0.2296217323571815,-1.6788711664444318,0.933017591339648,0.0331529093369418,0.0077807848443843,0.4976319350473613,0.1001353179972936,0.0,0.0669824086603518,73.47784167794316,38.20418465976678,198,27.85858585858585,0.2121212121212121,89,0.0669824086603518,0.3871786197564276,0.0448240866035182,0.5010148849797023,0.0,0.0,0.0,0.0,0,29.858585858585858,0.3055458153530546,0.15122974699292602,0,0.08460520692203549
benign_math_01,1158,4.574490395022893,4.437598302345359,0.0614290986687889,0.1195982486724114,-0.5724943613138584,-1.3908285148298056,0.9343696027633852,0.0172711571675302,0.0112262521588946,0.5932642487046632,0.0993091537132987,0.0,0.0656303972366148,78.72193436960276,36.83863499619071,38,28.473684210526315,0.1842105263157894,57,0.0656303972366148,0.3048359240069084,0.0328151986183074,0.5967184801381693,0.0,0.0,0.0,0.0,0,30.473684210526315,0.30022562178043144,0.0790067425737977,0,0.08607073709084412
benign_math_02,1267,4.61130381029374,4.539497353469078,0.1125804887062549,0.214016869481612,-0.4900951369294913,-1.4817869332920095,0.930544593528019,0.0244672454617206,0.0015785319652722,0.5627466456195738,0.1010260457774269,0.0,0.069455406471981,77.88713496448302,37.57810976229329,44,26.795454545454547,0.1363636363636363,69,0.069455406471981,0.3251775848460931,0.0378847671665351,0.5674822415153907,0.0,0.0,0.0,0.0,0,28.795454545454547,0.32027998050974643,0.11282590222502442,0,0.09123208738329874
benign_math_03,860,4.684884901254524,4.581811492373218,0.1936535533594946,0.2738674815627391,-0.8026352824875361,-1.0375285044194795,0.9255813953488372,0.0244186046511627,0.0046511627906976,0.6174418604651163,0.0860465116279069,0.0,0.0744186046511627,82.64186046511628,36.43154927511567,32,24.875,0.21875,64,0.0744186046511627,0.25,0.0511627906976744,0.6244186046511628,0.0,0.0,0.0,0.0,0,26.875,0.34864259730266184,0.11439835223993562,0,0.06110828717074135
benign_math_04,1067,4.512016961267749,4.373393408322122,0.1477508654941464,0.2923012561961293,-0.3341708056909186,-1.626069252374935,0.9268978444236176,0.0178069353327085,0.0028116213683223,0.5023430178069354,0.1030927835051546,0.0,0.0731021555763823,74.5473289597001,37.98337770772449,39,25.35897435897436,0.1282051282051282,66,0.0731021555763823,0.3561387066541706,0.0684161199625117,0.5023430178069354,0.0,0.0,0.0,0.0,0,27.358974358974358,0.3298381658658707,0.08034519424937872,0,0.08462392426670834
benign_math_05,966,4.618131390724777,4.566424995398362,0.0826650231489578,0.1169059968711421,-0.7652369937525122,-1.0894819392382546,0.9440993788819876,0.0175983436853002,0.005175983436853,0.6325051759834368,0.1014492753623188,0.0,0.0559006211180124,82.68012422360249,35.6755879554634,27,33.77777777777778,0.1851851851851851,83,0.0559006211180124,0.2701863354037267,0.0331262939958592,0.6407867494824017,0.0,0.0,0.0,0.0,0,35.77777777777778,0.25815641314610543,0.08127146339784802,0,0.06878110483878164
benign_math_utils,1985,4.588474594923479,4.469572073492902,0.1590265435314247,0.3519270654508215,-0.2409647965933596,-1.691722262222163,0.9335012594458438,0.016624685138539,0.0136020151133501,0.5073047858942066,0.1214105793450881,0.0,0.0664987405541561,74.1234256926952,38.69343933028821,66,28.07575757575757,0.1818181818181818,67,0.0664987405541561,0.3818639798488665,0.0241813602015113,0.527455919395466,0.0,0.0,0.0,0.0,0,30.075757575757574,0.3051277816271529,0.07628194540678812,0,0.0872740744591663
benign_text_01,1320,4.308200254473325,4.255323449387837,0.1491084228891486,0.2653197292244966,-0.2502332136878682,-1.7106505498927669,0.9272727272727272,0.0045454545454545,0.0022727272727272,0.5083333333333333,0.0909090909090909,0.0,0.0727272727272727,73.075,38.65027318692899,48,25.5,0.1666666666666666,70,0.0727272727272727,0.378030303030303,0.0393939393939393,0.5098484848484849,0.0,0.0,0.0,0.0,0,27.5,0.31332365487078717,0.01958272842942401,0,0.06116077727996022
benign_text_02,1157,4.49235128269131,4.43805566319381,0.1656037769446705,0.2999207587409627,-0.3463140769635146,-1.6283127707517515,0.9256698357821952,0.006914433880726,0.003457216940363,0.5350043215211755,0.1132238547968885,0.0,0.0743301642178046,75.08729472774417,38.41267283178398,43,24.906976744186046,0.1162790697674418,60,0.0743301642178046,0.3535004321521175,0.0371650821089023,0.5350043215211755,0.0,0.0,0.0,0.0,0,26.906976744186046,0.3339172085665102,0.031062065913163697,0,0.08348056118071967
benign_text_03,1199,4.652154533652594,4.53741924588754,0.0206623257996498,0.0384032274011802,-0.5984392285107751,-1.3741236020275849,0.9316096747289409,0.0041701417848206,0.0016680567139282,0.5888240200166805,0.0967472894078398,0.0,0.0683903252710592,80.03836530442035,37.73922013781559,41,27.24390243902439,0.1951219512195122,82,0.0683903252710592,0.2960800667222685,0.0433694745621351,0.5921601334445371,0.0,0.0,0.0,0.0,0,29.24390243902439,0.3181623617677336,0.01940014401022727,0,0.07198482963807223
benign_text_04,1358,4.379564828272747,4.348506479251646,0.2871335378611016,0.5595236383659392,-0.2648020681144063,-1.7029985577821691,0.93519882179676,0.0014727540500736,0.0051546391752577,0.5294550810014728,0.109720176730486,0.0,0.06480117820324,73.8321060382916,38.46825786494644,44,28.863636363636363,0.1590909090909091,79,0.06480117820324,0.3784977908689249,0.0272459499263622,0.5294550810014728,0.0,0.0,0.0,0.0,0,30.863636363636363,0.28380096088954443,0.006450021838398578,0,0.07736555505285159
benign_text_05,1216,4.575512817025711,4.419956674913974,0.277692012416845,0.5017380069980284,-0.3704436559628389,-1.608131613716656,0.9325657894736842,0.0139802631578947,0.0024671052631578,0.5419407894736842,0.1167763157894736,0.0,0.0674342105263157,75.82565789473684,38.047354491182446,41,27.65853658536585,0.2439024390243902,85,0.0674342105263157,0.3544407894736842,0.03125,0.546875,0.0,0.0,0.0,0.0,0,29.658536585365855,0.30854609456916754,0.06396687326433954,0,0.09527729858710443
benign_text_processor,2387,4.511766470997968,4.408738493595351,0.2561196838273435,0.524120912902263,-0.3644560587253643,-1.6306277691457745,0.935483870967742,0.0033514872224549,0.0108923334729786,0.5412651864264767,0.1110180142438207,0.0,0.064516129032258,75.74821952241307,38.24751090544421,77,29.0,0.2337662337662337,80,0.064516129032258,0.34939254294093,0.0381231671554252,0.5479681608713867,0.0,0.0,0.0,0.0,0,31.0,0.2910817078063202,0.015121127678250128,0,0.08973669549729107
long_str_config_loader,4731,4.62772100913887,4.359621487758941,0.3924283564173574,1.1962252238510316,-0.3262316513247822,-1.6363961812255816,0.959416613823716,0.0135277953920946,0.020714436694145,0.5277953920946946,0.1145635172268019,0.0,0.040583386176284,76.03360811667723,37.058260347298784,96,47.28125,0.1145833333333333,593,0.040583386176284,0.3846966814626928,0.0380469245402663,0.5366730078207567,0.0,0.0,0.0,0.0,1,49.28125,0.18780858882998547,0.06260286294332819,0,0.05521530166521932
long_str_html_template,3638,5.238934793108666,4.830839333483475,0.3624140216335276,1.14476380718094,-0.844216009394078,-0.8486109303903882,0.9736118746564046,0.0313358988455195,0.0261132490379329,0.6448598130841121,0.1363386476085761,0.0,0.0263881253435953,86.04892798240792,32.668656942998965,48,73.79166666666667,0.2916666666666667,903,0.0263881253435953,0.2795492028587136,0.0373831775700934,0.6566794942275975,0.0,0.0,0.0,0.0,1,75.79166666666667,0.138245667987474,0.1641667307351258,1,-0.027709957647438
long_str_sql_query,3344,4.935294298794938,4.724118750294275,0.2947565462734122,0.9333771596465316,-0.3518466087290502,-1.4946755597329593,0.9563397129186604,0.0122607655502392,0.1208133971291866,0.4703947368421052,0.0879186602870813,0.0,0.0436602870813397,75.88726076555024,35.545208836138926,73,43.80821917808219,0.136986301369863,416,0.0436602870813397,0.3301435406698564,0.152811004784689,0.4733851674641148,0.0,0.0,0.0,0.0,1,45.80821917808219,0.2154763659162861,0.060510486318956905,0,0.04206261444632625
random_crypto_dummy,1802,5.360103551803211,5.151914892977631,0.3923988591460808,0.8839131344250823,-0.2549710402316266,-1.5455574064186106,0.9389567147613762,0.0499445061043285,0.0804661487236404,0.4600443951165371,0.1215316315205327,0.0,0.0610432852386237,74.01165371809101,36.42623454893382,55,30.76363636363636,0.2181818181818181,117,0.0610432852386237,0.3640399556048834,0.1054384017758046,0.4694783573806881,0.0,0.0,0.0,0.0,1,32.763636363636365,0.3271983300212834,0.26770772456286834,0,0.03958744949747378
random_entropy_l3_a,3520,6.089632683230648,5.860114876432856,0.3769236531427939,1.1112158811664743,-0.3507415028066242,-1.1432167076642097,0.9602272727272728,0.1193181818181818,0.2076704545454545,0.3818181818181818,0.0980113636363636,0.0,0.0397727272727272,76.74176136363636,31.87194843271428,70,48.285714285714285,0.2571428571428571,430,0.0397727272727272,0.3224431818181818,0.2431818181818182,0.3946022727272727,0.0,0.0,0.0,0.0,1,50.285714285714285,0.24220129990121853,0.7266038997036567,1,-0.002445325367284812
random_entropy_l3_b,2489,5.869681283436597,5.531669114617067,0.6137791564729465,1.4874053358038817,-0.2932685260452523,-1.161841029723656,0.9533949377259944,0.1442346323824829,0.1599035757332262,0.2924869425472077,0.1149055845721173,0.0,0.0466050622740056,74.35355564483729,31.559740559762133,58,40.91379310344828,0.2586206896551724,693,0.0466050622740056,0.3503415026114905,0.2969063881076738,0.30614704700683,0.0,0.0,0.0,0.0,1,42.91379310344828,0.2735568617431277,0.846611322118818,1,-0.01734036544580375
random_entropy_l3_c,1774,5.599513252111403,5.405808410094716,0.3083689562836471,0.6368234275231455,-0.2493458536163096,-1.391785432694118,0.9323562570462232,0.0659526493799323,0.1240135287485907,0.3517474633596392,0.1313416009019165,0.0,0.0676437429537767,72.43686583990981,34.50334059749485,60,27.566666666666663,0.2833333333333333,116,0.0676437429537767,0.3500563697857948,0.2164599774520856,0.3658399098083427,0.0,0.0,0.0,0.0,1,29.566666666666666,0.37877203509208995,0.36930273421478776,0,0.02755974711371245
random_session_ids,2148,5.007692433698592,4.776344731007101,0.2497018918392922,0.6439158111808219,-0.4414590406630994,-1.4539841831271798,0.9441340782122905,0.0861266294227188,0.0349162011173184,0.5223463687150838,0.0856610800744879,0.0,0.0558659217877094,77.34217877094972,35.95926400635385,60,33.8,0.2333333333333333,158,0.0558659217877094,0.3459031657355679,0.0721601489757914,0.5260707635009311,0.0,0.0,0.0,0.0,1,35.8,0.2797593538379097,0.43129567050011147,0,0.06306920601305505
config_ini_000,378,4.727509408374618,4.585828234098343,0.1934832920831395,0.386966584166279,-0.9869959904761924,-0.5062443221075132,0.9417989417989416,0.0634920634920634,0.0,0.6746031746031746,0.1137566137566137,0.0,0.0582010582010582,85.73544973544973,33.4734177474785,22,16.181818181818183,0.0909090909090909,27,0.0582010582010582,0.2513227513227513,0.0158730158730158,0.6746031746031746,0.0,0.0,0.0,0.0,0,17.181818181818183,0.27514605022286137,0.30015932751584834,0,0.04121132698189678
config_ini_002,764,4.977380470156865,4.900811404511578,0.0213048181734081,0.0513195790197542,-0.5358173039370895,-1.1606733147671826,0.9332460732984292,0.1452879581151832,0.0,0.556282722513089,0.1321989528795811,0.0,0.0667539267015706,78.88089005235602,34.57010028569169,51,13.980392156862743,0.1176470588235294,25,0.0667539267015706,0.3586387434554974,0.0183246073298429,0.556282722513089,0.0,0.0,0.0,0.0,0,14.980392156862745,0.3322596910706804,0.7231534452714814,0,0.06361494165244358
config_ini_004,766,4.886561070504445,4.790664261305241,0.0977812967358554,0.2394770551144187,-0.6934289799302877,-1.002207146172985,0.9360313315926893,0.1044386422976501,0.0,0.6031331592689295,0.129242819843342,0.0,0.0639686684073107,81.40208877284596,34.48237444076407,49,14.63265306122449,0.1020408163265306,26,0.0639686684073107,0.3172323759791122,0.0156657963446475,0.6031331592689295,0.0,0.0,0.0,0.0,0,15.63265306122449,0.31258680477117207,0.510345803708036,0,0.0805808423434376
config_ini_006,375,4.9027368091847885,4.747803424297772,0.1461274155482161,0.2922548310964323,-0.5436424162739537,-1.1765044555557274,0.936,0.136,0.0,0.5626666666666666,0.136,0.0,0.064,79.41866666666667,34.71926532760866,24,14.625,0.0833333333333333,26,0.064,0.3573333333333333,0.016,0.5626666666666666,0.0,0.0,0.0,0.0,0,15.625,0.31377515578782644,0.6667722060491312,0,0.08387884181284955
config_ini_008,420,4.798277396048384,4.7385970955534304,0.00157376837402,0.00314753674804,-0.7908883909248309,-0.8623248713227265,0.9357142857142856,0.0809523809523809,0.0,0.6261904761904762,0.1333333333333333,0.0,0.0642857142857142,83.38571428571429,34.64567293416631,27,14.555555555555555,0.1111111111111111,25,0.0642857142857142,0.2904761904761905,0.019047619047619,0.6261904761904762,0.0,0.0,0.0,0.0,0,15.555555555555555,0.30846068974596713,0.388431979680107,0,0.05504798691552898
config_ini_010,643,4.812256073124352,4.734567247431912,0.0478329945351624,0.1077028669696815,-0.7704134842644814,-0.8980047681489887,0.9362363919129082,0.0917573872472783,0.0,0.6236391912908242,0.1213063763608087,0.0,0.0637636080870917,82.88180404354588,34.59615979163917,41,14.682926829268292,0.0975609756097561,29,0.0637636080870917,0.2970451010886469,0.015552099533437,0.6236391912908242,0.0,0.0,0.0,0.0,0,15.682926829268293,0.30684681026142807,0.44156004403473803,0,0.0664924271429101
config_ini_012,803,4.826544477916488,4.585391715249235,0.2864519117591843,0.7102480095716848,-0.809525817001676,-0.8228125956700425,0.9364881693648816,0.0834371108343711,0.0,0.6326276463262764,0.1257783312577833,0.0,0.0635118306351183,83.23785803237858,34.28787311840122,51,14.745098039215684,0.1176470588235294,26,0.0635118306351183,0.286425902864259,0.0174346201743462,0.6326276463262764,0.0,0.0,0.0,0.0,0,15.745098039215685,0.3065426754342974,0.40271292655093976,0,0.05976539132819908
config_ini_014,368,4.864424253679268,4.769892926971656,0.0282106602217218,0.0564213204434436,-0.535663463767705,-1.2069492133749131,0.9375,0.1385869565217391,0.0,0.5652173913043478,0.1358695652173913,0.0,0.0625,80.39945652173913,35.303508566372486,23,15.0,0.0869565217391304,22,0.0625,0.3559782608695652,0.0163043478260869,0.5652173913043478,0.0,0.0,0.0,0.0,0,16.0,0.30402651585495427,0.674145752547942,0,0.0782018422872594
config_ini_016,524,4.881584272213249,4.214011893879476,0.8455970898454853,1.8714880246783028,-0.6418536068183333,-1.0515939906004137,0.9370229007633588,0.1125954198473282,0.0,0.5896946564885496,0.1354961832061068,0.0,0.0629770992366412,80.79961832061069,34.428262619973914,33,14.87878787878788,0.0909090909090909,27,0.0629770992366412,0.3320610687022901,0.015267175572519,0.5896946564885496,0.0,0.0,0.0,0.0,0,15.878787878787879,0.3074280171432007,0.5496440306499649,1,0.00023952742438942964
config_ini_018,677,4.919883492500325,4.810704795664293,0.0812286825190952,0.1974578808222515,-0.5834327573038748,-1.119287327893125,0.9364844903988184,0.1462333825701624,0.0,0.5716395864106352,0.1240768094534712,0.0,0.0635155096011816,79.96011816838995,34.44178019969777,43,14.744186046511627,0.1162790697674418,28,0.0635155096011816,0.3471196454948301,0.017725258493353,0.5716395864106352,0.0,0.0,0.0,0.0,0,15.744186046511627,0.3124889072045993,0.7194512049594268,0,0.07955178651353595
config_ini_020,425,4.880817546494985,4.789207942512396,0.0784302776282901,0.1568605552565802,-0.65485050637282,-1.043389191688337,0.9341176470588236,0.1294117647058823,0.0,0.5882352941176471,0.1176470588235294,0.0,0.0658823529411764,80.75529411764705,34.564059898660645,28,14.178571428571429,0.1071428571428571,25,0.0658823529411764,0.3270588235294118,0.0188235294117647,0.5882352941176471,0.0,0.0,0.0,0.0,0,15.178571428571429,0.32155974423966927,0.6316352118993508,0,0.07424140494974701
config_ini_022,506,4.855267132933805,4.793398573302824,0.0077567059985281,0.0155134119970563,-0.7595219488635206,-0.9171202314289864,0.9367588932806324,0.0928853754940711,0.0,0.6205533596837944,0.1245059288537549,0.0,0.0632411067193675,82.95652173913044,34.67998943127124,32,14.8125,0.09375,26,0.0632411067193675,0.300395256916996,0.0158102766798418,0.6205533596837944,0.0,0.0,0.0,0.0,0,15.8125,0.30705246690490423,0.4509833107665785,0,0.06111102157227544
config_ini_024,428,4.864515718739392,4.782904877842151,0.0616969015666564,0.1233938031333128,-0.5897844981892452,-1.1315448747825283,0.9299065420560748,0.1285046728971962,0.0,0.5700934579439252,0.1238317757009345,0.0,0.0700934579439252,79.69859813084112,35.07995271015787,30,13.266666666666667,0.1,25,0.0700934579439252,0.3411214953271028,0.0186915887850467,0.5700934579439252,0.0,0.0,0.0,0.0,0,14.266666666666667,0.34097072794902267,0.6251130012398749,0,0.07193880681404591
config_ini_026,228,4.891766082883456,4.891766082883456,0.0,0.0,-0.3680924977377847,-1.295483620167345,0.9298245614035088,0.1885964912280701,0.0,0.5043859649122807,0.1403508771929824,0.0,0.0701754385964912,76.34649122807018,34.84147226284942,16,13.25,0.125,21,0.0701754385964912,0.3991228070175439,0.0263157894736842,0.5043859649122807,0.0,0.0,0.0,0.0,0,14.25,0.34328183037778626,0.9225699191403005,0,0.026508161599493374
config_ini_028,795,4.922974382952762,4.6013261787324495,0.4450728631927501,1.1043418565296834,-0.4967273919343068,-1.2205157786579743,0.929559748427673,0.1509433962264151,0.0,0.5471698113207547,0.1232704402515723,0.0,0.070440251572327,78.36729559748427,35.176728114796404,56,13.196428571428571,0.1071428571428571,28,0.070440251572327,0.3647798742138364,0.0176100628930817,0.5471698113207547,0.0,0.0,0.0,0.0,0,14.196428571428571,0.3467755540193138,0.74309047289853,0,0.02644475377430522
config_ini_030,657,4.887833610559976,4.773155999918592,0.0856434238740066,0.2001565980455666,-0.6552535534939793,-1.0375367537364888,0.9299847792998478,0.1156773211567732,0.0,0.5844748858447488,0.1293759512937595,0.0,0.0700152207001522,80.33333333333333,34.67237395941811,46,13.282608695652174,0.1304347826086956,25,0.0700152207001522,0.3242009132420091,0.0213089802130898,0.5844748858447488,0.0,0.0,0.0,0.0,0,14.282608695652174,0.3422227489889785,0.5654114983296166,0,0.07023001808574042
config_ini_032,643,5.009157658065253,4.914955369311899,0.0367282006209784,0.0838165320426211,-0.3394994072473036,-1.306339882875487,0.9331259720062208,0.1959564541213063,0.0,0.5023328149300156,0.135303265940902,0.0,0.0668740279937791,76.23017107309487,34.71899938986222,43,13.953488372093023,0.1162790697674418,23,0.0668740279937791,0.4121306376360809,0.0186625194401244,0.5023328149300156,0.0,0.0,0.0,0.0,0,14.953488372093023,0.3349825494507087,0.9815767728090539,0,0.035901108837983586
config_ini_034,337,4.940667681669443,4.747058117335934,0.174312162720041,0.348624325440082,-0.4766048803562509,-1.2311955011467943,0.9376854599406528,0.1632047477744807,0.0,0.543026706231454,0.1364985163204747,0.0,0.0623145400593471,78.50148367952522,34.501462114038155,21,15.047619047619047,0.0952380952380952,26,0.0623145400593471,0.3768545994065282,0.0178041543026706,0.543026706231454,0.0,0.0,0.0,0.0,0,16.047619047619047,0.30787543416931207,0.8063404228243898,0,0.07418842897433525
config_ini_036,749,4.941027842340523,4.863398236064397,0.0445897082448891,0.1088463963411152,-0.442494509120056,-1.2519307592183893,0.9345794392523364,0.1588785046728972,0.0,0.5353805073431241,0.1388518024032042,0.0,0.0654205607476635,77.73297730307075,34.695443875458714,49,14.285714285714286,0.1020408163265306,26,0.0654205607476635,0.3831775700934579,0.0160213618157543,0.5353805073431241,0.0,0.0,0.0,0.0,0,15.285714285714286,0.3232448121157349,0.7850231151382139,0,0.06706574027496637
config_ini_038,581,4.889452978611743,4.724932277797559,0.1413710834452514,0.3313337872602826,-0.6806488498281112,-1.001660193408466,0.9380378657487092,0.1118760757314974,0.0,0.5989672977624785,0.1342512908777969,0.0,0.0619621342512908,81.4406196213425,34.2550221546775,36,15.13888888888889,0.1111111111111111,26,0.0619621342512908,0.3218588640275387,0.0172117039586919,0.5989672977624785,0.0,0.0,0.0,0.0,0,16.13888888888889,0.3029609418761145,0.5470128117207629,0,0.08426160949165723
benign_script_020,1201,4.4917012561391925,4.327007486345543,0.3587565011985096,1.0560247519385224,-0.4856318747691794,-1.5104795347200748,0.9575353871773522,0.0058284762697751,0.0341382181515403,0.5678601165695254,0.1132389675270607,0.0,0.0424646128226477,78.43796835970025,37.02891312019945,52,22.115384615384617,0.1538461538461538,48,0.0424646128226477,0.3338884263114071,0.0557868442964196,0.5678601165695254,0.0,0.0,0.0,0.0,0,23.096153846153847,0.19073835475695114,0.02617977418232629,0,0.09758690045018631
benign_script_022,999,4.473303109950239,4.3360823153444095,0.3478696470515179,0.9504144074295308,-0.5009271747916391,-1.4883995784072843,0.9569569569569568,0.006006006006006,0.036036036036036,0.5685685685685685,0.1141141141141141,0.0,0.043043043043043,78.68168168168168,36.95394930374721,44,21.727272727272727,0.1590909090909091,45,0.043043043043043,0.3293293293293293,0.059059059059059,0.5685685685685685,0.0,0.0,0.0,0.0,0,22.704545454545453,0.19254457830616625,0.02686668534504645,0,0.10334412373098661
benign_script_024,616,4.656010488445191,4.446723266303318,0.3870444248277793,0.944357708739212,-0.5788670146400968,-1.3720480582361585,0.9561688311688312,0.0113636363636363,0.0438311688311688,0.5762987012987013,0.1152597402597402,0.0,0.0438311688311688,80.13311688311688,36.49664377950604,28,21.035714285714285,0.1785714285714285,46,0.0438311688311688,0.3084415584415584,0.0714285714285714,0.5762987012987013,0.0,0.0,0.0,0.0,0,22.0,0.20407838179873386,0.05290921009596779,0,0.10081009610222641
benign_script_026,590,4.591653732936842,4.403509710944726,0.2998957212993838,0.7325397354336278,-0.5190888210419843,-1.4333766227576994,0.9542372881355932,0.011864406779661,0.0525423728813559,0.5542372881355933,0.1186440677966101,0.0,0.0457627118644067,79.00338983050847,36.69997444280131,28,20.107142857142858,0.1785714285714285,47,0.0457627118644067,0.3186440677966101,0.0813559322033898,0.5542372881355933,0.0,0.0,0.0,0.0,0,21.071428571428573,0.2101265267615161,0.05447724767891161,0,0.10175257012718075
benign_script_028,617,4.642390794026109,4.462561026119023,0.3937259465316846,0.9636720476234336,-0.556924035187972,-1.3863220297684964,0.9562398703403564,0.0113452188006482,0.0534846029173419,0.5640194489465153,0.1166936790923825,0.0,0.0437601296596434,79.43273905996759,36.239377444800176,28,21.071428571428573,0.1785714285714285,45,0.0437601296596434,0.3111831442463533,0.0810372771474878,0.5640194489465153,0.0,0.0,0.0,0.0,0,22.035714285714285,0.20315162307731738,0.05266893931634113,0,0.09922006671929406
benign_script_030,1225,4.448631061684055,4.313199224505558,0.2835162572305003,0.8342207416205811,-0.5246880962134489,-1.4750973969060162,0.9583673469387756,0.0057142857142857,0.0293877551020408,0.5804081632653061,0.1110204081632653,0.0,0.0416326530612244,79.08734693877551,36.88702724096308,52,22.57692307692308,0.1538461538461538,48,0.0416326530612244,0.3273469387755102,0.0506122448979591,0.5804081632653061,0.0,0.0,0.0,0.0,0,23.557692307692307,0.1852083135884786,0.025420748923908824,0,0.10178472048953863
benign_script_032,624,4.630311300864394,4.416513748342999,0.4072310947616571,0.9619110749000956,-0.5794837363593904,-1.3559183825277568,0.9567307692307692,0.0112179487179487,0.0560897435897435,0.5689102564102564,0.1137820512820512,0.0,0.0432692307692307,80.07692307692308,36.261211963979456,28,21.321428571428573,0.1785714285714285,43,0.0432692307692307,0.3044871794871794,0.0833333333333333,0.5689102564102564,0.0,0.0,0.0,0.0,0,22.285714285714285,0.20035000821047824,0.05194259472123511,0,0.09687384325335041
benign_script_034,822,4.530201963883304,4.333273229308287,0.3136372216553276,0.8073612888984556,-0.5610156170232067,-1.413808412699957,0.9574209245742092,0.0085158150851581,0.0401459854014598,0.5778588807785888,0.1119221411192214,0.0,0.0425790754257907,79.82116788321167,36.68466786079674,36,21.86111111111111,0.1666666666666666,47,0.0425790754257907,0.3150851581508516,0.0644768856447688,0.5778588807785888,0.0,0.0,0.0,0.0,0,22.833333333333332,0.19289181111425235,0.03857836222285029,0,0.106723157569527
benign_script_036,815,4.591860128232373,4.381455044572018,0.3611511553517491,0.9964184758303704,-0.5385765239558438,-1.4320040343466482,0.9570552147239264,0.0085889570552147,0.0417177914110429,0.5730061349693252,0.112883435582822,0.0,0.0429447852760736,79.43803680981596,36.71078510989853,36,21.666666666666668,0.1666666666666666,46,0.0429447852760736,0.3177914110429448,0.0662576687116564,0.5730061349693252,0.0,0.0,0.0,0.0,0,22.63888888888889,0.19719644722470303,0.03943928944494052,0,0.10520203688239549
benign_script_038,1036,4.498958066897626,4.161680003399102,0.4781356269742524,1.4703667434789334,-0.5346285518736785,-1.4515492042923692,0.9584942084942084,0.0067567567567567,0.0357142857142857,0.5781853281853282,0.1119691119691119,0.0,0.0415057915057915,79.39478764478764,36.78350955452668,44,22.568181818181817,0.1590909090909091,47,0.0415057915057915,0.3223938223938224,0.0579150579150579,0.5781853281853282,0.0,0.0,0.0,0.0,0,23.545454545454547,0.18673281551795162,0.030398365316875595,0,0.06960981931509597
benign_script_040,592,4.551679971866638,4.35485634860052,0.3745551723219412,0.9144741738775752,-0.5432263623579507,-1.409351522947731,0.954391891891892,0.0118243243243243,0.0506756756756756,0.5608108108108109,0.116554054054054,0.0,0.0456081081081081,79.41047297297297,36.65109542322361,28,20.178571428571427,0.1785714285714285,46,0.0456081081081081,0.3141891891891892,0.0793918918918918,0.5608108108108109,0.0,0.0,0.0,0.0,0,21.142857142857142,0.20759351223040406,0.053820540207882434,0,0.10017787490210722
benign_script_042,1240,4.465355090224527,4.322187065717534,0.3147841961614152,0.901236791792809,-0.5227933774801233,-1.4760836812194127,0.9588709677419356,0.0056451612903225,0.0314516129032258,0.5798387096774194,0.1112903225806451,0.0,0.0411290322580645,79.33951612903226,37.01157255496821,52,22.865384615384617,0.1538461538461538,48,0.0411290322580645,0.3266129032258064,0.0524193548387096,0.5798387096774194,0.0,0.0,0.0,0.0,0,23.846153846153847,0.1836557335495571,0.025207649702880034,0,0.10213444509790898
benign_script_044,796,4.51340929681173,4.299598456133811,0.3358453273097794,0.8979128104870697,-0.5045164070942307,-1.4622584854535243,0.9560301507537688,0.0087939698492462,0.0464824120603015,0.5615577889447236,0.114321608040201,0.0,0.0439698492462311,78.85301507537689,36.83478328636591,36,21.13888888888889,0.1666666666666666,46,0.0439698492462311,0.3228643216080402,0.071608040201005,0.5615577889447236,0.0,0.0,0.0,0.0,0,22.11111111111111,0.1984539263673497,0.03969078527346985,0,0.10144042657255714
benign_script_046,991,4.49413301825315,4.349574864449943,0.3056549500666657,0.7568326984530414,-0.5073556899263564,-1.4857033290542585,0.9566094853683148,0.0060544904137235,0.0332996972754793,0.5721493440968718,0.1130171543895055,0.0,0.0433905146316851,78.95459132189707,37.114149558987165,44,21.545454545454547,0.1590909090909091,46,0.0433905146316851,0.3279515640766902,0.0565085771947527,0.5721493440968718,0.0,0.0,0.0,0.0,0,22.522727272727273,0.1950027444852524,0.027209685277011956,0,0.1071854370879542
benign_script_048,1001,4.51188076759441,4.370056383151576,0.311691676007744,0.8308382662795992,-0.502533756135287,-1.4783331055774769,0.957042957042957,0.0059940059940059,0.0389610389610389,0.5684315684315684,0.1128871128871128,0.0,0.0429570429570429,78.7042957042957,36.86742822959322,44,21.772727272727277,0.1590909090909091,46,0.0429570429570429,0.3266733266733266,0.0619380619380619,0.5684315684315684,0.0,0.0,0.0,0.0,0,22.75,0.19381705595060875,0.027044240365200835,0,0.10701630550045843
json_config_035,861,4.2641647849956685,4.1168391830073325,0.1868798197222309,0.4479899956489879,0.1195661794304046,-1.7239743691806806,0.9477351916376306,0.040650406504065,0.0,0.4227642276422764,0.2288037166085946,0.0,0.0522648083623693,67.91753774680603,38.104098888773926,46,17.73913043478261,0.0,38,0.0522648083623693,0.5040650406504065,0.0,0.4436701509872242,0.0,0.0,0.0,0.0,0,18.717391304347824,0.22286575531336228,0.17334003191039285,0,0.07183383108939417
json_config_037,634,4.232335233432241,4.134632083704072,0.1048748122485092,0.2549473799297006,0.1601157309097857,-1.7034196570534588,0.946372239747634,0.0425867507886435,0.0,0.4100946372239747,0.2334384858044164,0.0,0.0536277602523659,67.08675078864353,37.99842742692079,35,17.142857142857142,0.0,35,0.0536277602523659,0.5141955835962145,0.0,0.4321766561514195,0.0,0.0,0.0,0.0,0,18.114285714285714,0.2269706592061453,0.18024140584017415,0,0.058123189064786085
json_config_039,847,4.197194913891798,4.091091174749771,0.1282060790570913,0.3536527991138687,0.1547620794989487,-1.7128038794192335,0.946871310507674,0.0413223140495867,0.0,0.4132231404958678,0.2325855962219598,0.0,0.0531286894923258,67.31168831168831,38.14190421937769,46,17.434782608695652,0.0,40,0.0531286894923258,0.512396694214876,0.0,0.4344746162927981,0.0,0.0,0.0,0.0,0,18.41304347826087,0.22299146531892647,0.1734378063591649,0,0.06897865205730941
json_config_041,1068,4.247432541494275,4.100401031109621,0.1920257605080077,0.515929927153365,0.1401218958963365,-1.7177072203056294,0.947565543071161,0.0421348314606741,0.0,0.4176029962546816,0.2303370786516854,0.0,0.0524344569288389,67.60580524344569,38.12421846693882,57,17.75438596491228,0.0,40,0.0524344569288389,0.5093632958801498,0.0,0.4382022471910112,0.0,0.0,0.0,0.0,0,18.736842105263158,0.22271181865513032,0.17896485427644393,0,0.07112845395792738
json_config_043,844,4.243396310918119,4.130961491394177,0.1195635190438296,0.2995655804106514,0.1545306059305512,-1.7090373510540626,0.9466824644549764,0.0390995260663507,0.0,0.4135071090047393,0.2334123222748815,0.0,0.0533175355450237,67.26303317535545,38.105671335855575,46,17.369565217391305,0.0,36,0.0533175355450237,0.5118483412322274,0.0,0.4348341232227488,0.0,0.0,0.0,0.0,0,18.347826086956523,0.22624743363899927,0.1659147846685994,0,0.06669575317731652
json_config_045,1058,4.20289601040277,4.067151787299403,0.1360662080623848,0.3583109609179997,0.1498589405060299,-1.7110973193413974,0.947069943289225,0.0396975425330812,0.0,0.4149338374291115,0.2325141776937618,0.0,0.052930056710775,67.2882797731569,38.02557435437797,57,17.57894736842105,0.0,37,0.052930056710775,0.5113421550094518,0.0,0.4357277882797731,0.0,0.0,0.0,0.0,0,18.56140350877193,0.22245952418010861,0.16684464313508124,0,0.06828715586987238
json_config_047,1278,4.239283786676719,4.172020364165857,0.0716993378380768,0.2046548212871588,0.1400167810438978,-1.71231557121712,0.9475743348982786,0.0406885758998435,0.0,0.4178403755868544,0.230829420970266,0.0,0.0524256651017214,67.37480438184663,37.89380050027359,68,17.808823529411764,0.0,36,0.0524256651017214,0.5093896713615024,0.0,0.4381846635367762,0.0,0.0,0.0,0.0,0,18.794117647058822,0.222247272071471,0.17249042011517166,0,0.05964368859906655
json_config_049,860,4.241757590264808,4.104162307714044,0.1674836158070021,0.4176743467727628,0.1221690275058837,-1.723310903441834,0.9476744186046512,0.0406976744186046,0.0,0.4220930232558139,0.2290697674418604,0.0,0.0523255813953488,67.90116279069767,38.13282476068765,46,17.717391304347824,0.0,39,0.0523255813953488,0.5046511627906977,0.0,0.4430232558139534,0.0,0.0,0.0,0.0,0,18.695652173913043,0.2219524320487398,0.17262966937124197,0,0.07135505934803238
json_config_051,850,4.232596807340937,4.109957406915752,0.1381495950031397,0.345334022271353,0.1482278864931132,-1.7155467291796722,0.9470588235294116,0.0411764705882352,0.0,0.4152941176470588,0.2317647058823529,0.0,0.0529411764705882,67.55411764705882,38.251551457781886,46,17.5,0.0,39,0.0529411764705882,0.5105882352941177,0.0,0.4364705882352941,0.0,0.0,0.0,0.0,0,18.47826086956522,0.22407865450628475,0.1742833979493323,0,0.07471607830198179
json_config_053,1075,4.269678688912131,4.100745351001014,0.2120486015637628,0.5522390183155981,0.1217527708682184,-1.7153038173163986,0.947906976744186,0.04,0.0,0.4232558139534884,0.2288372093023256,0.0,0.0520930232558139,67.69209302325581,37.87282369574549,57,17.87719298245614,0.0,37,0.0520930232558139,0.5041860465116279,0.0,0.4437209302325581,0.0,0.0,0.0,0.0,0,18.859649122807017,0.22242047123635264,0.17078714755648525,0,0.06877997800514102
json_config_055,850,4.250234219549893,4.118071782968396,0.152398480327052,0.4228702048311779,0.1524516430338769,-1.7060848841552658,0.9470588235294116,0.0423529411764705,0.0,0.4141176470588235,0.2317647058823529,0.0,0.0529411764705882,67.28235294117647,38.00458540900988,46,17.5,0.0,36,0.0529411764705882,0.5117647058823529,0.0,0.4352941176470588,0.0,0.0,0.0,0.0,0,18.47826086956522,0.2250123998585236,0.18000991988681864,0,0.07167389119783069
json_config_057,1296,4.270201292631896,3.906514046949054,0.6582305497081434,1.8041667990863368,0.1125847837624273,-1.7179675415041946,0.9483024691358024,0.0401234567901234,0.0,0.4259259259259259,0.2276234567901234,0.0,0.0516975308641975,67.81867283950618,37.82111880772798,68,18.073529411764707,0.0,39,0.0516975308641975,0.5023148148148148,0.0,0.4459876543209876,0.0,0.0,0.0,0.0,0,19.058823529411764,0.22075886312217347,0.17133523705004494,1,0.0038528173117928777
text_doc_047,1015,4.049125763417053,3.99697044551466,0.0286102211910694,0.0605918849640172,-1.6512216611944932,1.0859491623771431,0.994088669950739,0.0,0.0118226600985221,0.8285714285714286,0.0,0.0,0.005911330049261,95.42955665024633,28.932513854339028,7,144.14285714285714,0.4285714285714285,325,0.005911330049261,0.1536945812807881,0.0118226600985221,0.8285714285714286,0.0,0.0,0.0,0.0,0,145.0,0.023935718798524113,0.0,0,-0.06327038918728334
text_doc_049,2252,4.053495437294849,3.991710968873504,0.0445274661945066,0.1516565316240843,-1.6348222716203071,1.0076049164577645,0.994671403197158,0.0,0.0115452930728241,0.8259325044404974,0.0,0.0,0.0053285968028419,95.25799289520428,29.06452295717566,13,172.30769230769232,0.4615384615384615,455,0.0053285968028419,0.1571936056838365,0.0115452930728241,0.8259325044404974,0.0,0.0,0.0,0.0,0,173.23076923076923,0.021599442827503562,0.0,0,-0.04060293333737286
text_doc_051,1827,4.057024643398955,3.9527340984771486,0.1167018715092016,0.4101298639394537,-1.6922038124401784,1.2171471011672643,0.9956212370005474,0.0,0.0082101806239737,0.8357963875205254,0.0,0.0,0.0043787629994526,95.65626710454296,28.4940591061861,9,202.11111111111111,0.4444444444444444,452,0.0043787629994526,0.1516146688560481,0.0082101806239737,0.8357963875205254,0.0,0.0,0.0,0.0,0,203.0,0.01776474939638272,0.0,0,-0.08048689616144722
text_doc_053,2343,4.029577524881716,3.933512054645852,0.1182723965573727,0.4593490946946046,-1.710029405570782,1.2662423214685292,0.9948783610755442,0.0,0.0038412291933418,0.8395219803670508,0.0,0.0,0.0051216389244558,95.98591549295774,28.6440212832596,13,179.30769230769232,0.4615384615384615,452,0.0051216389244558,0.1515151515151515,0.0038412291933418,0.8395219803670508,0.0,0.0,0.0,0.0,0,180.23076923076923,0.020638041100546452,0.0,0,-0.08796033342677556
text_doc_055,2449,4.038926403781735,3.9672786104075777,0.0418974928041577,0.119619974688971,-1.6448887556872187,1.0344480889888723,0.9959167006941608,0.0,0.0073499387505104,0.8305430788076766,0.0,0.0,0.0040832993058391,95.40751327072276,28.94124165019054,11,221.72727272727272,0.4545454545454545,496,0.0040832993058391,0.1580236831359738,0.0073499387505104,0.8305430788076766,0.0,0.0,0.0,0.0,0,222.63636363636363,0.01649214538089717,0.0,0,-0.06838822918681642
text_doc_057,1761,4.03690212397708,3.9667024683678127,0.0253508813744288,0.0833381092731206,-1.6483524487505985,1.0564624564289895,0.9954571266325952,0.0,0.0068143100511073,0.8313458262350937,0.0,0.0,0.0045428733674048,95.2481544576945,28.864076265113123,9,194.77777777777777,0.4444444444444444,377,0.0045428733674048,0.1572969903463941,0.0068143100511073,0.8313458262350937,0.0,0.0,0.0,0.0,0,195.66666666666666,0.018339135145835347,0.0,0,-0.04515335191874836
text_doc_059,1206,4.055814588351083,3.988529938983477,0.0414022649597838,0.0944255697505687,-1.6743420562261846,1.1503563088221496,0.9966832504145936,0.0,0.0107794361525704,0.8325041459369817,0.0,0.0,0.0033167495854063,95.6334991708126,28.530946897597847,5,240.4,0.4,454,0.0033167495854063,0.1533996683250414,0.0107794361525704,0.8325041459369817,0.0,0.0,0.0,0.0,0,241.2,0.013452121354398279,0.0,0,-0.11925810361706812
text_doc_061,777,4.064816843941462,3.6946079894735697,0.5599681164746526,1.3150783051548325,-1.682787054875068,1.1828017167084184,0.9948519948519948,0.0,0.0128700128700128,0.8301158301158301,0.0,0.0,0.0051480051480051,95.61776061776062,28.655488712248573,5,154.6,0.4,337,0.0051480051480051,0.1518661518661518,0.0128700128700128,0.8301158301158301,0.0,0.0,0.0,0.0,0,155.4,0.02092569803830849,0.0,0,-0.12609952557346915
text_doc_063,1849,4.023183587000935,3.959840752148059,0.0479393067145047,0.1758132319695615,-1.6594373953892538,1.0878090581754192,0.995673336938886,0.0,0.0108166576527852,0.8290968090859925,0.0,0.0,0.0043266630611141,95.53650621957814,28.838295045484877,9,204.55555555555557,0.4444444444444444,496,0.0043266630611141,0.1557598702001081,0.0108166576527852,0.8290968090859925,0.0,0.0,0.0,0.0,0,205.44444444444446,0.01740695981395747,0.0,0,-0.04569871845172524
text_doc_065,2246,4.0314666884788695,3.963570928294432,0.0345488008297856,0.1107988782023996,-1.6219936461275617,0.967355325103492,0.9955476402493322,0.0,0.0138023152270703,0.8232413178984862,0.0,0.0,0.0044523597506678,95.12243989314337,29.0158654748774,11,203.27272727272728,0.4545454545454545,457,0.0044523597506678,0.1585040071237756,0.0138023152270703,0.8232413178984862,0.0,0.0,0.0,0.0,0,204.1818181818182,0.01794954001994132,0.0,0,-0.05669917656764922
text_doc_067,2774,4.032690278718452,3.953940447244428,0.0581094723072692,0.1982958383208304,-1.6692776787593406,1.1236966840719855,0.9949531362653208,0.0,0.0086517664023071,0.8316510454217736,0.0,0.0,0.0050468637346791,95.45385724585437,28.78947773093489,15,184.0,0.4666666666666667,465,0.0050468637346791,0.15465032444124,0.0086517664023071,0.8316510454217736,0.0,0.0,0.0,0.0,0,184.93333333333334,0.02035243832085711,0.0,0,-0.035726542232899505
text_doc_069,2700,4.042531127470605,3.965890403465267,0.052309002671516,0.162094048207634,-1.644182712905712,1.0369941993227538,0.9948148148148148,0.0,0.0118518518518518,0.8266666666666667,0.0,0.0,0.0051851851851851,95.20407407407409,28.92798565009826,15,179.06666666666666,0.4666666666666667,467,0.0051851851851851,0.1562962962962963,0.0118518518518518,0.8266666666666667,0.0,0.0,0.0,0.0,0,180.0,0.0209612725128102,0.0,0,-0.025922746947284137
csv_data_059,742,4.629165801052674,4.576023165361787,0.0220824960514482,0.0522206835724041,-0.4211814828001802,-1.3278139553392765,0.9649595687331536,0.2088948787061994,0.0,0.5741239892183289,0.1819407008086253,0.0,0.0350404312668463,81.43396226415095,32.3690866166702,27,26.51851851851852,0.0,43,0.0350404312668463,0.3908355795148248,0.0,0.5741239892183289,0.0,0.0,0.0,0.0,0,27.48148148148148,0.16220796607462173,0.9670090285217848,0,0.04121621496402145
csv_data_061,2130,4.621644435425611,4.502874873452472,0.0963421423322426,0.3550924863353657,-0.4313163598123872,-1.3566847218505005,0.9737089201877934,0.2018779342723004,0.0,0.5845070422535211,0.1873239436619718,0.0,0.0262910798122065,81.90845070422536,31.43770311921482,57,36.3859649122807,0.0,48,0.0262910798122065,0.3892018779342723,0.0,0.5845070422535211,0.0,0.0,0.0,0.0,0,37.36842105263158,0.12150802271541478,0.9330080315647944,0,0.03584356756192303
csv_data_063,1202,4.665847625714237,4.58217480049184,0.0296434026782901,0.0796316050435379,-0.4379292312837837,-1.2638549415184654,0.9575707154742096,0.2146422628951747,0.0,0.569883527454243,0.173044925124792,0.0,0.0424292845257903,80.61564059900167,32.44437741100866,52,22.134615384615383,0.0,30,0.0424292845257903,0.3876871880199667,0.0,0.569883527454243,0.0,0.0,0.0,0.0,0,23.115384615384617,0.1979685764654125,1.001488092707382,0,0.050675964360528514
csv_data_065,836,4.699645538914895,4.507203875978778,0.1680575652854805,0.4266146710716256,-0.4153674761213696,-1.256994625160513,0.9461722488038278,0.2260765550239234,0.0,0.5550239234449761,0.1650717703349282,0.0,0.0538277511961722,79.52511961722487,33.25360131750812,46,17.195652173913043,0.0,30,0.0538277511961722,0.3911483253588517,0.0,0.5550239234449761,0.0,0.0,0.0,0.0,0,18.17391304347826,0.2529713507789116,1.0624796732714294,0,0.044799250442144334
csv_data_067,877,4.638484650985789,4.563435686111582,0.0453507227607881,0.120851532046033,-0.5016100062156804,-1.195459659109553,0.9589509692132268,0.2029646522234891,0.0,0.5872291904218928,0.1687571265678449,0.0,0.041049030786773,81.70353477765109,32.24947152992072,37,22.72972972972973,0.0,33,0.041049030786773,0.3717217787913341,0.0,0.5872291904218928,0.0,0.0,0.0,0.0,0,23.7027027027027,0.19040529924228966,0.9414484240313229,0,0.05527876424247752
csv_data_069,1376,4.699632059544871,4.5856209190060095,0.1018817100342899,0.3039897693660327,-0.0710493323623102,-1.3953610168017054,0.9614825581395348,0.3343023255813953,0.0,0.470203488372093,0.1569767441860465,0.0,0.0385174418604651,75.33430232558139,31.458885831654374,54,24.5,0.0,39,0.0385174418604651,0.4912790697674418,0.0,0.470203488372093,0.0,0.0,0.0,0.0,0,25.48148148148148,0.18101780461909742,1.5710979268827325,0,0.004796958763116532
csv_data_071,1478,4.637696893571705,4.557386188248243,0.0664522183571463,0.1899948488746305,0.1989018948340711,-1.4520918041274016,0.9756427604871448,0.3836265223274696,0.0,0.4167794316644114,0.1752368064952638,0.0,0.0243572395128552,72.84032476319351,30.341653071741536,37,38.972972972972975,0.0,54,0.0243572395128552,0.5588633288227334,0.0,0.4167794316644114,0.0,0.0,0.0,0.0,0,39.945945945945944,0.11296149402475053,1.7791435308898218,0,-0.04000986003571849
csv_data_073,1084,4.67287769007248,4.5243356206889205,0.140300253842994,0.3918577708750312,-0.6528819145258332,-0.9861613427606626,0.9492619926199262,0.1761992619926199,0.0,0.6180811808118081,0.1549815498154981,0.0,0.0507380073800738,82.94280442804428,32.59915973995985,56,18.375,0.0,26,0.0507380073800738,0.3311808118081181,0.0,0.6180811808118081,0.0,0.0,0.0,0.0,0,19.357142857142858,0.2370925027250797,0.8233576003725493,0,0.057915147500673836
csv_data_075,2304,4.663704131785468,4.5646734088866445,0.0295820893765262,0.0943796913401211,-0.1499137021773181,-1.5089086389979531,0.9748263888888888,0.2847222222222222,0.0,0.5108506944444444,0.1792534722222222,0.0,0.0251736111111111,78.08984375,31.263958010170384,59,38.067796610169495,0.0,51,0.0251736111111111,0.4639756944444444,0.0,0.5108506944444444,0.0,0.0,0.0,0.0,0,39.05084745762712,0.1174022741508494,1.3278602041889178,0,-0.006615265913582136
csv_data_077,964,4.591997239609509,4.515235405666543,0.0707138811688805,0.1732952959653744,-0.7613635505863482,-0.8787839210854691,0.9616182572614108,0.1524896265560166,0.0,0.6514522821576764,0.1576763485477178,0.0,0.0383817427385892,85.50829875518673,31.71257937265214,38,24.394736842105264,0.0,37,0.0383817427385892,0.3101659751037344,0.0,0.6514522821576764,0.0,0.0,0.0,0.0,0,25.36842105263158,0.17624885670700394,0.7002319442143132,0,0.054739839388766476
html_template_069,941,4.645099067757399,4.423977486052287,0.2486977206568659,0.6710647846487054,-0.7679059800417797,-1.022278134763634,0.9787460148777896,0.0138150903294367,0.0201912858660998,0.6354941551540914,0.1381509032943677,0.0,0.0212539851222104,84.4952178533475,33.23681217905951,21,43.85714285714285,0.0,337,0.0212539851222104,0.3166843783209351,0.0201912858660998,0.6418703506907545,0.0,0.0,0.0,0.0,0,44.80952380952381,0.09872686647730916,0.06417246321025068,0,0.07158204366997595
html_template_071,1001,4.640901089048199,4.424910550260334,0.2587790303466224,0.6709127981449328,-0.7788622993162234,-1.0017146671792527,0.98001998001998,0.0129870129870129,0.0179820179820179,0.6403596403596403,0.1398601398601398,0.0,0.0199800199800199,84.96703296703296,33.17073430711836,21,46.71428571428572,0.0,299,0.0199800199800199,0.3156843156843157,0.0179820179820179,0.6463536463536463,0.0,0.0,0.0,0.0,0,47.666666666666664,0.09272529648447914,0.06027144271491128,0,0.06707366146699495
html_template_073,965,4.664937875030117,4.43773134256138,0.2442808807382028,0.6408120649391158,-0.8394663321353454,-0.8930735399822587,0.9792746113989638,0.0134715025906735,0.0176165803108808,0.6538860103626943,0.1347150259067357,0.0,0.0207253886010362,85.87979274611399,32.94545745313645,21,45.0,0.0,270,0.0207253886010362,0.3015544041450777,0.0176165803108808,0.6601036269430052,0.0,0.0,0.0,0.0,0,45.95238095238095,0.09668265025969122,0.06284372266879915,0,0.06853786412516005
html_template_075,1074,4.663403323887611,4.398773521750285,0.2350185801083754,0.5950293164294642,-0.8337759488801042,-0.8869980173327456,0.9813780260707636,0.0121042830540037,0.0204841713221601,0.6508379888268156,0.1396648044692737,0.0,0.0186219739292365,85.73184357541899,32.53319134452276,21,50.19047619047619,0.0,359,0.0186219739292365,0.3044692737430167,0.0204841713221601,0.6564245810055865,0.0,0.0,0.0,0.0,0,51.142857142857146,0.08684177511894993,0.05644715382731733,0,0.056868031468472746
html_template_077,932,4.686390919288166,4.428850189249406,0.2757988689466178,0.7338168952091575,-0.7833533209547218,-0.9801534147037714,0.9785407725321889,0.0139484978540772,0.0214592274678111,0.6384120171673819,0.1394849785407725,0.0,0.0214592274678111,84.9195278969957,33.14645878897506,21,43.42857142857143,0.0,252,0.0214592274678111,0.3122317596566523,0.0214592274678111,0.6448497854077253,0.0,0.0,0.0,0.0,0,44.38095238095238,0.10056632874008913,0.06536811368105785,0,0.06651119701941854
html_template_079,958,4.678655620192956,4.456412042862155,0.2358842514493747,0.5823136032638008,-0.7791547037179021,-0.980974887678962,0.9791231732776616,0.0135699373695198,0.0208768267223382,0.6367432150313153,0.1461377870563674,0.0,0.0208768267223382,85.11273486430062,33.10295549430423,21,44.66666666666666,0.0,304,0.0208768267223382,0.3152400835073068,0.0208768267223382,0.6430062630480167,0.0,0.0,0.0,0.0,0,45.61904761904762,0.09767548267626211,0.06348906373957022,0,0.06504640551475599
html_template_081,950,4.6676990863963415,4.457935278399471,0.243068706679737,0.6249796431788557,-0.8121306340944394,-0.9333975324221808,0.9789473684210528,0.0136842105263157,0.0210526315789473,0.6452631578947369,0.1368421052631579,0.0,0.0210526315789473,85.22315789473684,32.91217484739645,21,44.285714285714285,0.0,260,0.0210526315789473,0.3063157894736842,0.0210526315789473,0.651578947368421,0.0,0.0,0.0,0.0,0,45.23809523809524,0.09826734918729108,0.06387377697173899,0,0.07192226776197924
html_template_083,1089,4.638492131540061,4.396902752156683,0.2349315270487361,0.6577912926947391,-0.8594888310367395,-0.8572407207106174,0.9816345270890724,0.0119375573921028,0.0211202938475665,0.6584022038567493,0.1285583103764922,0.0,0.0183654729109274,86.20661157024793,32.67920870711711,21,50.90476190476191,0.0,396,0.0183654729109274,0.2966023875114784,0.0211202938475665,0.6639118457300276,0.0,0.0,0.0,0.0,0,51.857142857142854,0.08518810158934888,0.055372266033076725,0,0.05006147338376532
markdown_doc_077,621,4.466939409334032,4.176450151891284,0.3551150983253909,0.8355808789958212,-1.140009382217957,-0.3592658973536276,0.966183574879227,0.003220611916264,0.0193236714975845,0.7262479871175523,0.0772946859903381,0.0,0.0338164251207729,88.96618357487922,33.39724042557401,22,27.272727272727277,0.2272727272727272,114,0.0338164251207729,0.2109500805152979,0.0193236714975845,0.7359098228663447,0.0,0.0,0.0,0.0,0,28.227272727272727,0.15105592205477383,0.01438627829093046,0,0.04324659799267688
markdown_doc_079,545,4.458444800615165,4.1060092852356975,0.3720207505775152,0.8781804321640156,-1.2268551714622535,-0.1221782994396738,0.9651376146788992,0.0036697247706422,0.0238532110091743,0.7376146788990826,0.0660550458715596,0.0,0.0348623853211009,89.90642201834862,32.92087337407391,20,26.3,0.25,153,0.0348623853211009,0.1926605504587156,0.0238532110091743,0.7486238532110092,0.0,0.0,0.0,0.0,0,27.25,0.15543202057190475,0.016361265323358395,0,0.034192301187436325
markdown_doc_081,614,4.496755112113397,4.301426973034108,0.2259580124272948,0.5464187296650929,-1.2348656956034862,-0.0953769533841737,0.96742671009772,0.003257328990228,0.0293159609120521,0.7361563517915309,0.0684039087947882,0.0,0.0325732899022801,89.95928338762215,32.5473842017907,21,28.285714285714285,0.238095238095238,127,0.0325732899022801,0.1921824104234527,0.0293159609120521,0.745928338762215,0.0,0.0,0.0,0.0,0,29.238095238095237,0.14647410788642976,0.01464741078864293,0,0.03075995572600182
markdown_doc_083,573,4.519042859651417,4.226844357617172,0.3247246249932423,0.7819191745484568,-1.146641887942285,-0.3249871441278418,0.9650959860383944,0.0034904013961605,0.0279232111692844,0.7207678883071553,0.0732984293193717,0.0,0.0349040139616055,88.84293193717278,33.28558177958573,21,26.33333333333333,0.238095238095238,114,0.0349040139616055,0.2059336823734729,0.0279232111692844,0.731239092495637,0.0,0.0,0.0,0.0,0,27.285714285714285,0.15773273506636673,0.015773273506636445,0,0.048088283256468745
markdown_doc_085,670,4.487756619379176,4.297695391507522,0.0026254767827817,0.0062873581134983,-1.2336015555293969,-0.1016944991584121,0.9686567164179104,0.0014925373134328,0.0253731343283582,0.7402985074626866,0.0716417910447761,0.0,0.0313432835820895,89.98805970149253,32.46159394284064,22,29.5,0.2272727272727272,133,0.0313432835820895,0.1940298507462686,0.0253731343283582,0.7492537313432835,0.0,0.0,0.0,0.0,0,30.454545454545453,0.1406610283686008,0.0066981442080284595,0,-0.005931121993508204
markdown_doc_087,548,4.458900543303087,4.193539395182925,0.2802194978628737,0.6701641801592526,-1.2258872231288436,-0.118350963687885,0.9653284671532848,0.0036496350364963,0.0237226277372262,0.7390510948905109,0.0656934306569343,0.0,0.0346715328467153,90.20620437956204,33.0295625962757,20,26.45,0.25,120,0.0346715328467153,0.1916058394160583,0.0237226277372262,0.75,0.0,0.0,0.0,0.0,0,27.4,0.15459691664736966,0.016273359647091333,0,0.03902351238646279
markdown_doc_089,541,4.474143422505575,4.053717083831348,0.5169666416371984,1.157534654862208,-1.228163854362357,-0.1244502611111237,0.9648798521256932,0.0036968576709796,0.022181146025878,0.7375231053604436,0.066543438077634,0.0,0.0351201478743068,89.60628465804066,32.844425153218964,20,26.1,0.25,136,0.0351201478743068,0.1940850277264325,0.022181146025878,0.7486136783733827,0.0,0.0,0.0,0.0,0,27.05,0.15713257860925292,0.016540271432552656,0,0.005437658819043734
markdown_doc_091,677,4.487183583851812,4.320223648524439,0.0416199450127201,0.1018297190675143,-1.1210032906400118,-0.3861549211550765,0.967503692762186,0.0029542097488921,0.0251107828655834,0.7208271787296898,0.0797636632200886,0.0,0.0324963072378138,88.71935007385524,33.22459884276969,23,28.47826086956522,0.217391304347826,132,0.0324963072378138,0.2127031019202363,0.0251107828655834,0.7296898079763663,0.0,0.0,0.0,0.0,0,29.434782608695652,0.1458168963733229,0.013256081488483616,0,0.030976361339136338
log_file_085,5079,5.103583496249364,4.961787560703632,0.0699107109665457,0.2518865131703762,-0.0819150908846279,-1.4300560961992153,0.985430202795826,0.2067336089781453,0.1478637527072258,0.3890529631817286,0.0886001181334908,0.0,0.014569797204174,74.18665091553456,30.99164713833917,75,66.73333333333333,0.0,85,0.014569797204174,0.4189801141957078,0.1773971254183894,0.3890529631817286,0.0,0.0,0.0,0.0,0,67.72,0.07435817655492255,1.0550822349009317,0,0.04587383960106056
log_file_087,4522,5.1177293945697135,4.989697233753775,0.045491281311858,0.196107573847966,-0.1060522044841587,-1.4145058990513797,0.98562582927908,0.2043343653250774,0.1543564794338788,0.3914197257850508,0.0875718708536046,0.0,0.0143741707209199,74.60393631136665,30.83663726292901,66,67.53030303030303,0.0,84,0.0143741707209199,0.4106590004422821,0.183547103051747,0.3914197257850508,0.0,0.0,0.0,0.0,0,68.51515151515152,0.0735631160210151,1.045727987744895,0,0.04707818579978379
log_file_089,4063,5.127475221613889,4.993647922693642,0.0612281399416336,0.2249218902075691,-0.1207312464522984,-1.410266944992563,0.985724833866601,0.2032980556239232,0.1548117154811715,0.3950283042087127,0.0871277381245385,0.0,0.0142751661333989,74.94585281811469,30.85571005706668,59,67.88135593220339,0.0,91,0.0142751661333989,0.4068422348018705,0.1838542948560177,0.3950283042087127,0.0,0.0,0.0,0.0,0,68.86440677966101,0.0731955606334246,1.0424057428139482,0,0.04865802815491993
log_file_091,4982,5.110403255969933,4.958234477884278,0.0700880610451576,0.270468971011315,-0.0746329499260672,-1.4165719833145112,0.9853472501003612,0.2079486150140505,0.155760738659173,0.3805700521878764,0.0891208350060216,0.0,0.0146527498996387,73.9805299076676,30.82577239840811,74,66.33783783783784,0.0,82,0.0146527498996387,0.4193095142513047,0.1854676836611802,0.3805700521878764,0.0,0.0,0.0,0.0,0,67.32432432432432,0.07488146079602673,1.0627012792422417,0,0.043768874772456445
log_file_093,3135,5.107149869828969,4.924957781746871,0.1308443375140252,0.5378280950482974,-0.0941027140321648,-1.4244615337549968,0.985645933014354,0.2054226475279106,0.1547049441786284,0.3878787878787879,0.0880382775119617,0.0,0.0143540669856459,74.50717703349282,30.96149581031833,46,67.17391304347827,0.0,80,0.0143540669856459,0.4137161084529505,0.1840510366826156,0.3878787878787879,0.0,0.0,0.0,0.0,0,68.15217391304348,0.07330837133725776,1.0491242475820906,0,0.04642379588917317
log_file_095,2914,5.103745772590097,4.951155790363142,0.086238481396724,0.3204555669065723,-0.0887676504235387,-1.422588490126406,0.9855868222374744,0.2065888812628689,0.1527110501029512,0.3877831159917639,0.0885380919698009,0.0,0.0144131777625257,74.40494166094715,30.953893186105525,43,66.79069767441861,0.0,78,0.0144131777625257,0.4155799588194921,0.1822237474262182,0.3877831159917639,0.0,0.0,0.0,0.0,0,67.76744186046511,0.07356119507508013,1.0543771294094846,0,0.05027005619359731
log_file_097,3445,5.105502689604371,4.9604908050048335,0.0685439577977882,0.2934707143313249,-0.1198026742584839,-1.40394433873991,0.98577648766328,0.2031930333817126,0.1590711175616836,0.3921625544267054,0.0870827285921625,0.0,0.0142235123367198,74.95500725689405,30.7844419366062,50,67.92,0.0,86,0.0142235123367198,0.4055152394775036,0.1880986937590711,0.3921625544267054,0.0,0.0,0.0,0.0,0,68.9,0.0726181804907439,1.0374025784392045,0,0.05107479967678874
log_file_099,3931,5.116328197162248,4.965916979300167,0.0859945687861731,0.2968303304782562,-0.1008638523856614,-1.4204928219481192,0.9857542610022896,0.2030017807173747,0.1533960824217756,0.3920122106334266,0.0870007631645891,0.0,0.0142457389977105,74.6756550496057,31.00421131646396,57,67.98245614035088,0.0,79,0.0142457389977105,0.4113457135588909,0.182396336809972,0.3920122106334266,0.0,0.0,0.0,0.0,0,68.96491228070175,0.07288587612340008,1.0386237347584517,0,0.05146639519582952
sql_schema_093,900,4.911093105384409,4.754741592907137,0.1177222696932933,0.2590404733727673,-0.3117944522265517,-1.0806905209912774,0.9477777777777778,0.01,0.3511111111111111,0.3233333333333333,0.0688888888888888,0.0,0.0522222222222222,71.78444444444445,31.60998756058355,47,18.148936170212767,0.1702127659574468,48,0.0522222222222222,0.2644444444444444,0.36,0.3233333333333333,0.0,0.0,0.0,0.0,0,19.148936170212767,0.2564681955034079,0.04911093105384409,0,0.029657063081684587
sql_schema_095,938,4.964452793991148,4.831315602197423,0.027619332704387,0.0766789014992861,-0.3002533610423029,-1.0532101420681652,0.9477611940298508,0.0191897654584221,0.3528784648187633,0.3176972281449893,0.0767590618336887,0.0,0.0522388059701492,71.84648187633262,31.4385699683153,49,18.142857142857142,0.2040816326530612,48,0.0522388059701492,0.2665245202558635,0.3635394456289978,0.3176972281449893,0.0,0.0,0.0,0.0,0,19.142857142857142,0.2593370862532687,0.09526668474609842,0,0.025737821249100568
sql_schema_097,1033,4.979777212517793,4.538269594788267,0.6925406809378502,1.822311963664017,-0.2713033522520893,-1.1154888481574654,0.9477250726040658,0.0203291384317521,0.3446272991287512,0.3175217812197483,0.0764762826718296,0.0,0.0522749273959341,71.68731848983543,31.85622353027823,54,18.12962962962963,0.1851851851851851,49,0.0522749273959341,0.2758954501452081,0.3543078412391094,0.3175217812197483,0.0,0.0,0.0,0.0,0,19.12962962962963,0.2603174922322947,0.1012345803125588,1,-0.015393757953519882
sql_schema_099,397,4.888965083595045,4.794478184962358,0.1020376568160594,0.2040753136321189,-0.301390375775565,-1.1110281415335037,0.947103274559194,0.0151133501259445,0.3324937027707808,0.3350125944584383,0.0755667506297229,0.0,0.052896725440806,72.11083123425692,31.964681525898587,21,17.904761904761905,0.1904761904761904,44,0.052896725440806,0.2695214105793451,0.3425692695214106,0.3350125944584383,0.0,0.0,0.0,0.0,0,18.904761904761905,0.2586102437166143,0.07388864106188944,0,0.03628759058860742
sql_schema_101,574,4.898693995867904,4.758756961640553,0.0325286200330496,0.0796422207709994,-0.3155774862552434,-1.0628272226749056,0.945993031358885,0.0052264808362369,0.3641114982578397,0.3153310104529617,0.0696864111498257,0.0,0.0540069686411149,72.17073170731707,31.859646149552717,31,17.516129032258064,0.1935483870967742,47,0.0540069686411149,0.2560975609756097,0.3745644599303135,0.3153310104529617,0.0,0.0,0.0,0.0,0,18.516129032258064,0.2645636130172557,0.025602930291992367,0,0.0175660530681796
xml_config_098,396,4.613368042694076,4.460111948682365,0.2245974026461672,0.4491948052923344,-0.5702659679558895,-1.156633264479727,0.9570707070707072,0.0353535353535353,0.0075757575757575,0.5732323232323232,0.2146464646464646,0.0,0.0429292929292929,80.69444444444444,33.65871597454357,18,21.05555555555556,0.0,38,0.0429292929292929,0.3762626262626262,0.0075757575757575,0.5732323232323232,0.0,0.0,0.0,0.0,0,22.0,0.19804862809545262,0.16309887019625496,0,0.07979532848467774
xml_config_100,748,4.549944912609458,4.394562852462525,0.1879492321778869,0.4096648765831876,-0.4997279224534001,-1.2391264539832434,0.9545454545454546,0.03475935828877,0.0040106951871657,0.5561497326203209,0.2179144385026738,0.0,0.0454545454545454,79.46657754010695,34.10467067842116,35,20.4,0.0,38,0.0454545454545454,0.3943850267379679,0.0040106951871657,0.5561497326203209,0.0,0.0,0.0,0.0,0,21.37142857142857,0.20681567784588423,0.15815316541155847,0,0.08354042293412312
xml_config_102,825,4.566943418328922,4.344716682442398,0.1996581451729087,0.542507328600661,-0.427536561040903,-1.305351249700021,0.9527272727272728,0.0375757575757575,0.0036363636363636,0.5393939393939394,0.2242424242424242,0.0,0.0472727272727272,78.60606060606061,34.57806222898383,40,19.65,0.0,38,0.0472727272727272,0.4096969696969696,0.0036363636363636,0.5393939393939394,0.0,0.0,0.0,0.0,0,20.625,0.21589187068463964,0.17160635874932884,0,0.08034979581076107
xml_config_104,710,4.597967583257937,4.44850075753255,0.1390939641712913,0.2994225269468922,-0.5800864317789218,-1.1433162456519284,0.956338028169014,0.0267605633802816,0.004225352112676,0.5802816901408451,0.2070422535211267,0.0,0.0436619718309859,80.7661971830986,33.83953827000771,32,21.21875,0.0,38,0.0436619718309859,0.3718309859154929,0.004225352112676,0.5802816901408451,0.0,0.0,0.0,0.0,0,22.1875,0.20075633109999436,0.12304420293225422,0,0.08131225565905342
xml_config_106,847,4.503496222858846,4.313266985040563,0.1503473156586721,0.3773182138338748,-0.4774170272596936,-1.2640194887435916,0.9551357733175916,0.0318772136953955,0.0035419126328217,0.5525383707201889,0.2231404958677686,0.0,0.0448642266824085,79.32821723730815,34.23636080184325,39,20.743589743589745,0.0,40,0.0448642266824085,0.3990554899645809,0.0035419126328217,0.5525383707201889,0.0,0.0,0.0,0.0,0,21.71794871794872,0.20204587540570973,0.14355891147247793,0,0.0763457972522893
anomaly_b64_000,2316,6.015966693668226,5.575792508174212,0.830641535970729,2.820275787846644,-0.2881318700515095,-0.7266146639430038,0.986614853195164,0.1541450777202072,0.3916234887737478,0.3411053540587219,0.0492227979274611,0.0,0.0133851468048359,79.46113989637306,26.816409524234373,31,73.70967741935483,0.0,82,0.0133851468048359,0.2538860103626943,0.3916234887737478,0.3411053540587219,0.0,0.0,0.0,0.0,1,74.70967741935483,0.08052459736775244,0.9273316535576666,1,-0.08187330357104061
anomaly_b64_002,1624,6.010491525524617,5.785330434964851,0.1344101604638644,0.4273533713807236,-0.3780886010660783,-0.697833270151266,0.9858374384236454,0.1397783251231527,0.3793103448275862,0.3645320197044335,0.0498768472906403,0.0,0.0141625615763546,80.48645320197045,27.13603413367487,23,69.6086956521739,0.0,82,0.0141625615763546,0.2419950738916256,0.3793103448275862,0.3645320197044335,0.0,0.0,0.0,0.0,1,70.6086956521739,0.08512395633439988,0.8401364386047339,1,0.009186179362072333
anomaly_b64_004,2581,6.022316454286731,5.688905517634643,0.501519482934898,1.7875241774805897,-0.3011699525798293,-0.7969785342280336,0.9868268113134444,0.1503293297171639,0.3684618364974816,0.3657497094149554,0.0523053080201472,0.0,0.0131731886865556,80.17241379310344,27.27914929022672,34,74.91176470588235,0.0,82,0.0131731886865556,0.2526152654010073,0.3684618364974816,0.3657497094149554,0.0,0.0,0.0,0.0,1,75.91176470588235,0.07933311098246759,0.9053307959175714,1,-0.016172580245945256
anomaly_b64_006,2083,6.01187989401793,5.646946895026191,0.5022975240214559,1.637196894930346,-0.3514511687456933,-0.7795433181327902,0.986557849255881,0.1435429668746999,0.3576572251560249,0.3787806048967835,0.056168987037926,0.0,0.013442150744119,80.7033125300048,27.403149816181283,28,73.39285714285714,0.0,82,0.013442150744119,0.2501200192030725,0.3576572251560249,0.3787806048967835,0.0,0.0,0.0,0.0,1,74.39285714285714,0.08081259579092719,0.86296307648169,1,-0.0034142271130173096
anomaly_b64_008,1371,5.999044868067985,5.788829191375192,0.1187181617104851,0.3591393133084075,-0.3898311422298968,-0.7688076030763562,0.9854121079504012,0.1327498176513493,0.3588621444201313,0.387308533916849,0.0532458059810357,0.0,0.0145878920495988,81.44857768052516,27.89470569709257,20,67.55,0.0,82,0.0145878920495988,0.2392414296134208,0.3588621444201313,0.387308533916849,0.0,0.0,0.0,0.0,1,68.55,0.08751341893607545,0.7963721123182879,1,0.007965275183857534
anomaly_b64_010,2261,6.016901312703892,5.843862595010624,0.0380018894145908,0.1113000151529615,-0.298462112801582,-0.766336571547733,0.9867315347191508,0.1353383458646616,0.3865546218487395,0.355594869526758,0.059265811587793,0.0,0.0132684652808491,80.01503759398496,27.185583379929938,30,74.36666666666666,0.0,82,0.0132684652808491,0.2445820433436532,0.3865546218487395,0.355594869526758,0.0,0.0,0.0,0.0,1,75.36666666666666,0.07983504616590696,0.8143174708922557,1,0.000723643249931738
anomaly_b64_012,2047,6.018763061084042,5.847250074223783,0.025897522705639,0.0882894604003583,-0.3248523113040203,-0.7918951888068428,0.9863214460185638,0.1519296531509526,0.3595505617977528,0.373229115779189,0.0503175378602833,0.0,0.0136785539814362,80.38006839276991,27.43694023916579,28,72.10714285714286,0.0,82,0.0136785539814362,0.2535417684416219,0.3595505617977528,0.373229115779189,0.0,0.0,0.0,0.0,1,73.10714285714286,0.08232797543251225,0.9144285842682642,1,-0.0015276633380070792
anomaly_b64_014,2695,6.008171498355149,5.782742248998668,0.0776555310245425,0.3142250763345462,-0.3451562197192691,-0.8082877214505362,0.9866419294990724,0.1413729128014842,0.3521335807050093,0.3840445269016697,0.0582560296846011,0.0,0.0133580705009276,81.0582560296846,27.710883803816564,36,73.86111111111111,0.0,82,0.0133580705009276,0.2504638218923933,0.3521335807050093,0.3840445269016697,0.0,0.0,0.0,0.0,1,74.86111111111111,0.08025757845669189,0.8493927053333252,0,0.01768911023086861
anomaly_b64_016,1399,5.998270971056391,5.776842547384736,0.1010065956974368,0.307768264562366,-0.3359228868256673,-0.866421944624455,0.9857040743388136,0.1536812008577555,0.3388134381701215,0.3745532523230879,0.0664760543245175,0.0,0.0142959256611865,79.73552537526805,27.61480868312009,20,68.95,0.0,82,0.0142959256611865,0.272337383845604,0.3388134381701215,0.3745532523230879,0.0,0.0,0.0,0.0,1,69.95,0.08575083589787512,0.9218214859021613,1,0.012343098665010876
anomaly_b64_018,1415,6.003796356053367,5.80949341142455,0.0696593655947741,0.2098070907172733,-0.2960916578798355,-0.8457217738402263,0.9858657243816256,0.1547703180212014,0.3561837455830389,0.3632508833922261,0.0600706713780918,0.0,0.0141342756183745,79.70671378091873,27.594608043740894,20,69.75,0.0,82,0.0141342756183745,0.2664310954063604,0.3561837455830389,0.3632508833922261,0.0,0.0,0.0,0.0,1,70.75,0.08485931245305077,0.9292094713609096,0,0.013742996275057984
anomaly_entropy_010,2070,7.722326446818245,6.746326220791284,0.8745157224587329,2.8635871977690384,0.5659411257053034,-0.6086862970077167,0.5927536231884057,0.0734299516908212,0.229951690821256,0.2415458937198067,0.2014492753623188,0.0,0.4072463768115942,104.84492753623188,65.39263510119348,89,22.269662921348317,0.0561797752808988,91,0.1111111111111111,0.2014492753623188,0.2014492753623188,0.1898550724637681,0.0729468599033816,0.081159420289855,0.0734299516908212,0.0685990338164251,1,23.258426966292134,3.1448894660230824,0.5670500579306147,1,-0.08588068656086156
anomaly_entropy_012,1543,7.689840512568686,6.419418386830171,1.475789559220024,4.29542695095391,0.5154784244712538,-0.6220038992250783,0.592352559948153,0.0674011665586519,0.2294232015554115,0.2456254050550874,0.1950745301360985,0.0,0.407647440051847,106.97926117952042,65.17810156110227,56,26.571428571428573,0.0178571428571428,93,0.1114711600777705,0.1782242384964355,0.2028515878159429,0.2112767336357744,0.0641607258587167,0.0868438107582631,0.0758263123784834,0.069345430978613,1,27.553571428571427,3.1347437993556078,0.5183042211971112,1,-0.1269093653761364
anomaly_entropy_014,2001,7.716935223879739,7.039276103109026,0.0894756781886765,0.301604362470754,0.5802618841540159,-0.5704686587343302,0.5922038980509745,0.0544727636181909,0.2403798100949525,0.2393803098450774,0.2098950524737631,0.0,0.4077961019490255,105.17541229385309,66.07331438414131,71,27.197183098591548,0.056338028169014,84,0.111944027986007,0.1839080459770115,0.2233883058470764,0.1849075462268865,0.0744627686156921,0.0759620189905047,0.0659670164917541,0.0794602698650674,1,28.183098591549296,3.146936103291288,0.4203627883072921,1,-0.07866798716314849
anomaly_entropy_016,1628,7.681906235654662,6.8814029027586745,0.3633866918981255,1.078873471867447,0.5636900712302827,-0.5821708953761835,0.5909090909090909,0.073095823095823,0.2358722358722358,0.2407862407862407,0.1965601965601965,0.0,0.4090909090909091,104.57555282555282,64.72670625848934,64,24.453125,0.03125,104,0.1136363636363636,0.1916461916461916,0.21007371007371,0.1891891891891892,0.073095823095823,0.0853808353808353,0.0724815724815724,0.0644963144963145,1,25.4375,3.1425980054950893,0.5615152592401128,1,-0.05655825845108864
anomaly_entropy_018,1797,7.712156982624263,6.46190327891204,1.566458684408705,4.872688836734804,0.5617965221852018,-0.6370082246850335,0.5926544240400667,0.0767946577629382,0.236505286588759,0.2303839732888147,0.2086811352253756,0.0,0.4073455759599332,104.75570395102947,65.71026162667798,76,22.657894736842103,0.0,93,0.1112966054535336,0.2075681691708402,0.1936560934891485,0.1914301613800779,0.0728992765720645,0.0756816917084028,0.0784641068447412,0.0690038953811908,1,23.644736842105264,3.141513027980501,0.5922524560946845,1,-0.1397761080663793
anomaly_entropy_020,2712,7.7324810333956595,6.997468723137346,0.1307745261375073,0.5239518168556998,0.5576803286866882,-0.5774518373434923,0.5914454277286135,0.0630530973451327,0.2275073746312684,0.2551622418879056,0.1972713864306784,0.0,0.4085545722713864,105.94358407079646,65.92715310369451,98,26.68367346938776,0.0306122448979591,111,0.1128318584070796,0.18952802359882,0.1976401179941003,0.2042772861356932,0.0763274336283185,0.0722713864306784,0.0678466076696165,0.0792772861356932,1,27.6734693877551,3.1591404811955717,0.48755687931808883,1,-0.04581125058450686
anomaly_entropy_022,3038,7.759604294441448,7.063668096028272,0.0475718854709509,0.185632502536662,0.5626307646972574,-0.5738348394338786,0.5911784068466096,0.0661619486504279,0.2330480579328505,0.2442396313364055,0.1961816984858459,0.0,0.4088215931533904,105.06714944042132,65.31349503594026,120,24.325,0.0166666666666666,98,0.1132323897300855,0.1942067149440421,0.1981566820276497,0.1988150098749177,0.0783410138248847,0.0740618828176431,0.075707702435813,0.0674786043449637,1,25.316666666666666,3.1722937898934425,0.513390540876475,1,-0.05816151548181858
anomaly_entropy_024,2056,7.72832797651873,6.585989122905418,1.2684157616871117,4.102730043057043,0.5629682062863132,-0.6086105645726549,0.5914396887159533,0.0690661478599221,0.2431906614785992,0.2358949416342412,0.2018482490272373,0.0,0.4085603112840467,105.23492217898831,65.59964178432149,76,26.06578947368421,0.0526315789473684,92,0.11284046692607,0.1892023346303502,0.2106031128404669,0.1916342412451362,0.0719844357976653,0.0773346303501945,0.0773346303501945,0.0690661478599221,1,27.05263157894737,3.1574880837916988,0.5337658427362152,1,-0.10447605337600085
anomaly_entropy_026,2956,7.734602876803506,6.981184725131265,0.1190130089341188,0.4834844224713475,0.5568646725632713,-0.5381306565032058,0.5916779431664412,0.0693504736129905,0.2253044654939107,0.2324086603518268,0.2029769959404601,0.0,0.4083220568335589,104.18572395128552,64.37454109969715,119,23.84873949579832,0.042016806722689,70,0.1126522327469553,0.1951962110960757,0.2023004059539918,0.1941813261163734,0.0805142083897158,0.084573748308525,0.0666441136671177,0.0639377537212449,1,24.840336134453782,3.158208955447169,0.536398372714722,1,-0.057936527267361315
anomaly_entropy_028,2618,7.738180768199586,6.894311321474247,0.4436630315126371,1.6110991927470186,0.5670148570905575,-0.550031363608043,0.592436974789916,0.0634071810542398,0.2402597402597402,0.2563025210084033,0.1886936592818945,0.0,0.407563025210084,106.00649350649353,65.60167811678384,86,29.453488372093023,0.0348837209302325,114,0.1115355233002291,0.1833460656990068,0.2043544690603514,0.2047364400305577,0.0756302521008403,0.0756302521008403,0.0691367456073338,0.0756302521008403,1,30.441860465116278,3.1537963635099144,0.49065622899966754,1,-0.0770155491083454
anomaly_obfusc_020,477,5.533801015652999,5.199154035435695,0.200047117661033,0.400094235322066,0.2276322857387064,-1.3766288384853396,0.9916142557651992,0.3144654088050314,0.1090146750524109,0.3018867924528302,0.2578616352201258,0.0,0.0083857442348008,72.86582809224319,28.290623117735223,5,94.6,0.0,153,0.0083857442348008,0.5031446540880503,0.1865828092243186,0.3018867924528302,0.0,0.0,0.0,0.0,1,95.4,0.04640503996354695,1.7401889986330183,1,-0.013697426720730266
anomaly_obfusc_022,474,5.598382578089268,5.2247317801581366,0.2437455387162144,0.4874910774324288,0.1448556152870175,-1.3952664388239715,0.9915611814345991,0.2848101265822785,0.1139240506329113,0.3206751054852321,0.2637130801687763,0.0,0.0084388185654008,74.36497890295358,28.62716314491,5,94.0,0.0,150,0.0084388185654008,0.4789029535864978,0.1919831223628691,0.3206751054852321,0.0,0.0,0.0,0.0,1,94.8,0.04724373483619611,1.5944760507216271,1,-0.006385248389105758
anomaly_obfusc_024,474,5.597982864712289,5.250731183263547,0.2808191031778229,0.5616382063556458,0.1831083225361372,-1.3823645645746172,0.9915611814345991,0.2932489451476793,0.1265822784810126,0.3037974683544304,0.2594936708860759,0.0,0.0084388185654008,73.72151898734177,28.512164866456605,5,94.0,0.0,150,0.0084388185654008,0.4831223628691983,0.2046413502109704,0.3037974683544304,0.0,0.0,0.0,0.0,1,94.8,0.04724036172752962,1.6416025700316628,1,0.002693850458963587
anomaly_obfusc_026,476,5.551074966581892,5.220508000575393,0.2566581786466071,0.5133163572932142,0.1909023729004107,-1.389812609758198,0.9915966386554622,0.3088235294117647,0.111344537815126,0.3046218487394957,0.2584033613445378,0.0,0.0084033613445378,73.20798319327731,28.22353782801032,5,94.4,0.0,151,0.0084033613445378,0.4978991596638655,0.1890756302521008,0.3046218487394957,0.0,0.0,0.0,0.0,1,95.2,0.04664768879480572,1.7143025632091138,1,-0.0039476480786288515
anomaly_obfusc_028,474,5.595496717069307,5.2716181791844186,0.289444816690497,0.5788896333809941,0.2189941907476516,-1.352466476643806,0.9915611814345991,0.2953586497890295,0.1223628691983122,0.3016877637130801,0.2637130801687763,0.0,0.0084388185654008,73.22362869198312,28.36509619569876,5,94.0,0.0,148,0.0084388185654008,0.4894514767932489,0.20042194092827,0.3016877637130801,0.0,0.0,0.0,0.0,1,94.8,0.04721938157864369,1.6526783552525375,1,-0.006507798955445787
anomaly_obfusc_030,475,5.589938223169867,5.175913646138342,0.2769487857550601,0.5538975715101202,0.1930155588457955,-1.358667124173477,0.991578947368421,0.2968421052631579,0.1242105263157894,0.3010526315789473,0.2610526315789473,0.0,0.0084210526315789,73.56421052631579,28.366206416826248,5,94.2,0.0,151,0.0084210526315789,0.4884210526315789,0.2021052631578947,0.3010526315789473,0.0,0.0,0.0,0.0,1,95.0,0.047073163984588086,1.6593290304567394,1,0.003310724093273043
anomaly_obfusc_032,477,5.536275109690786,5.182530443677771,0.2884351005957013,0.5768702011914026,0.2577496533289304,-1.3201718910533695,0.9916142557651992,0.3144654088050314,0.129979035639413,0.2788259958071278,0.259958071278826,0.0,0.0083857442348008,72.44654088050315,28.029031325558996,5,94.6,0.0,153,0.0083857442348008,0.5052410901467506,0.2075471698113207,0.2788259958071278,0.0,0.0,0.0,0.0,1,95.4,0.04642578708336068,1.740967015626033,1,-0.01333520377818831
anomaly_obfusc_034,477,5.582226619946751,5.213516404342624,0.2357977230639116,0.4715954461278233,0.190015709242329,-1.3690485863728368,0.9916142557651992,0.2955974842767295,0.1278825995807128,0.3018867924528302,0.2578616352201258,0.0,0.0083857442348008,73.44444444444444,28.329810279589264,5,94.6,0.0,151,0.0083857442348008,0.4842767295597484,0.2054507337526205,0.3018867924528302,0.0,0.0,0.0,0.0,1,95.4,0.04681112469557003,1.6500921455188506,1,0.0021295839071165945
anomaly_sqli_028,1661,6.331006754726261,5.964582133364599,0.1686056463019927,0.475185869792428,-0.0927959637245593,-0.9540271961697576,0.9692956050571944,0.1101745936183022,0.2956050571944612,0.2685129440096327,0.2474413004214328,0.0,0.0307043949428055,73.39012642986152,29.022165521465794,49,32.91836734693877,0.0408163265306122,98,0.0307043949428055,0.3576158940397351,0.3245033112582781,0.2871763997591812,0.0,0.0,0.0,0.0,1,33.89795918367347,0.19438973178268448,0.6975160963966921,1,-0.008103068803302027
anomaly_sqli_030,2156,6.354474304074494,5.98716744547502,0.206008260489669,0.7237389134976189,-0.2336649239155479,-0.8134867119933107,0.963821892393321,0.0950834879406308,0.313543599257885,0.2847866419294991,0.2235621521335807,0.0,0.036178107606679,75.64424860853433,29.354702861620623,70,29.814285714285717,0.0285714285714285,77,0.036178107606679,0.3084415584415584,0.3446196660482374,0.310760667903525,0.0,0.0,0.0,0.0,1,30.8,0.2298928551566837,0.6042055808605155,1,0.012600158524756433
anomaly_sqli_032,2003,6.348253247441941,6.039931823398326,0.1011311392757838,0.2926778726729226,-0.1683366937494473,-0.9153563033360594,0.961058412381428,0.1033449825262106,0.2965551672491263,0.2795806290564154,0.2316525212181727,0.0,0.0389415876185721,73.90963554667998,29.67259051843742,70,27.614285714285717,0.0285714285714285,74,0.0389415876185721,0.3344982526210684,0.327508736894658,0.2990514228657014,0.0,0.0,0.0,0.0,1,28.614285714285714,0.24721106006014526,0.6560601209288471,1,0.009490137394285225
anomaly_sqli_034,1303,6.3139353441019495,5.698484990853276,0.6688194389995511,1.8830108843958104,-0.167268554089522,-0.7662927031358255,0.9639293937068304,0.1028396009209516,0.3499616270145817,0.2463545663852647,0.2217958557175748,0.0,0.0360706062931696,73.97544128933231,28.79660078059039,45,27.977777777777774,0.0444444444444444,83,0.0360706062931696,0.3138910207214121,0.3775901765157329,0.2724481964696853,0.0,0.0,0.0,0.0,1,28.955555555555556,0.22774747595762973,0.6493225910281357,1,-0.025669877985808665
anomaly_sqli_036,2335,6.310544919175526,5.830187371029597,0.5021320683692899,1.814957896965128,-0.2299662734160996,-0.8144732815219404,0.964882226980728,0.0805139186295503,0.3361884368308351,0.2629550321199143,0.2376873661670235,0.0,0.0351177730192719,74.26595289079229,28.742092056488303,72,31.416666666666668,0.0555555555555555,99,0.0351177730192719,0.3122055674518201,0.3670235546038544,0.2856531049250535,0.0,0.0,0.0,0.0,1,32.43055555555556,0.22161228409952566,0.5080867001306204,1,-0.02672304025134009
anomaly_sqli_038,1305,6.409654095633439,5.852346187499976,0.6501264715532261,1.792321184252894,-0.1344398520926031,-0.8691198795530606,0.9586206896551724,0.1103448275862069,0.2996168582375479,0.2628352490421456,0.2406130268199233,0.0,0.0413793103448275,73.6,29.783551221633186,49,25.6530612244898,0.0408163265306122,87,0.0413793103448275,0.3425287356321839,0.3295019157088122,0.2865900383141762,0.0,0.0,0.0,0.0,1,26.632653061224488,0.2652270660262107,0.7072721760698967,1,-0.02675735461611628
anomaly_sqli_040,2532,6.355001428852063,6.034313823994337,0.040564715632586,0.1213426649955629,-0.2193943866512608,-0.9069948668004222,0.9609004739336492,0.0924170616113744,0.2981832543443918,0.2910742496050553,0.2298578199052132,0.0,0.0390995260663507,74.49012638230647,29.726988080920247,80,30.6375,0.0125,91,0.0390995260663507,0.3234597156398104,0.3258293838862559,0.3116113744075829,0.0,0.0,0.0,0.0,1,31.65,0.24847754401909716,0.5873105585905934,1,-0.0006267310411167681
anomaly_sqli_042,1727,6.321395856845512,6.00720036966108,0.104616664207692,0.3225732352631656,-0.1694897305446969,-0.8353578897591172,0.9687319050376376,0.1001737116386797,0.3300521134916039,0.2680949623624782,0.2194557035321366,0.0,0.0312680949623624,74.64910248986682,28.74135761554676,50,33.54,0.04,103,0.0312680949623624,0.3196294151708164,0.362478286045165,0.286624203821656,0.0,0.0,0.0,0.0,1,34.54,0.1976580059465297,0.6332376857175869,1,0.0021043942454156417
anomaly_shell_036,1624,5.005903023173057,4.4537474693389525,0.8866555668269908,2.311299898952018,0.1253062540355648,-1.1859595683643087,0.9907635467980296,0.4045566502463054,0.1268472906403941,0.2770935960591133,0.1810344827586207,0.0,0.0092364532019704,77.24261083743842,26.51977154574866,16,100.5625,0.0,180,0.0092364532019704,0.4254926108374384,0.2881773399014778,0.2770935960591133,0.0,0.0,0.0,0.0,1,101.5,0.046236789007140094,2.025171358512745,1,-0.055916209549215834
anomaly_shell_038,1464,4.664320867081967,4.370876194171026,0.5515856619431805,1.6022311562734068,-0.1641454041742782,-1.1875924917815264,0.9911202185792348,0.3422131147540984,0.0826502732240437,0.3620218579234973,0.2028688524590164,0.0,0.008879781420765,82.68920765027322,27.17786473607924,14,103.64285714285714,0.0,184,0.008879781420765,0.3551912568306011,0.2739071038251366,0.3620218579234973,0.0,0.0,0.0,0.0,1,104.57142857142857,0.04141814977600095,1.596191772136657,0,-0.04351471452426081
anomaly_shell_040,1363,5.090225784762365,4.393814002991872,0.9277289309692772,2.9188579028194925,0.1159805556460856,-1.1285644730979278,0.9897285399853264,0.4013206162876009,0.1430667644900953,0.2729273661041819,0.1709464416727806,0.0,0.0102714600146735,77.0997798972854,26.202670078586003,15,89.93333333333334,0.0,159,0.0102714600146735,0.417461482024945,0.2993396918561996,0.2729273661041819,0.0,0.0,0.0,0.0,1,90.86666666666666,0.052284050613846667,2.042812548983869,1,-0.08479216931772415
anomaly_shell_042,1351,5.308009160691195,5.023788358729309,0.3517723498374543,1.0225901707003535,-0.2926423191644072,-0.9187790334916808,0.9888971132494448,0.2709104367135455,0.1672834937083641,0.38860103626943,0.160621761658031,0.0,0.0111028867505551,83.89563286454478,26.201579842778823,16,83.5,0.0,184,0.0111028867505551,0.2953367875647668,0.3049592894152479,0.38860103626943,0.0,0.0,0.0,0.0,1,84.4375,0.05893422458206336,1.4379950798023515,1,-0.02782598737707087
anomaly_shell_044,1526,4.683840766368717,4.219082397534067,0.9607360726008354,2.258805617412773,0.2077737611706695,-1.2033592477791208,0.9908256880733946,0.4515072083879423,0.0878112712975098,0.2509829619921363,0.1992136304062909,0.0,0.0091743119266055,75.78636959370904,26.555616314737208,15,100.8,0.0,192,0.0091743119266055,0.4626474442988204,0.2771952817824377,0.2509829619921363,0.0,0.0,0.0,0.0,1,101.73333333333333,0.042971016205217566,2.1147878689567796,0,-0.08027558750285091
anomaly_shell_046,1976,4.181262069430769,3.720074077422071,0.8536008562624264,2.589970941346242,0.603904160955519,-0.7918052178529384,0.9908906882591092,0.5855263157894737,0.0536437246963562,0.1356275303643724,0.215080971659919,0.0,0.0091093117408906,68.71963562753037,24.315993700953364,19,103.05263157894736,0.0,196,0.0091093117408906,0.5921052631578947,0.2631578947368421,0.1356275303643724,0.0,0.0,0.0,0.0,1,104.0,0.038088419660806234,2.4482389748640685,0,-0.1702034430231476
anomaly_shell_048,2500,4.911601684857505,4.500091225977411,0.7990217220412511,2.5055986014714904,0.0325474292349073,-1.2332313953099123,0.9916,0.3868,0.11,0.3044,0.1896,0.0,0.0084,78.9108,26.6114194164836,22,112.6818181818182,0.0,200,0.0084,0.4016,0.2856,0.3044,0.0,0.0,0.0,0.0,1,113.63636363636364,0.04125745415280304,1.8998075317028829,1,-0.06739676250056958
anomaly_shell_050,2678,4.617007275106905,4.144925120291793,0.8071869494040519,2.733563783189322,0.2096520717479272,-1.2263700987428936,0.9917849141150112,0.453696788648245,0.075429424943988,0.2580283793876027,0.203883495145631,0.0,0.0082150858849887,75.96079163554892,26.4915819560456,23,115.47826086956522,0.0,200,0.0082150858849887,0.4652725914861837,0.2684839432412248,0.2580283793876027,0.0,0.0,0.0,0.0,1,116.43478260869566,0.03792911129662088,2.094721373881587,0,-0.10112538374191038
anomaly_binary_044,2000,7.839916092831196,7.107229779130149,0.0843037114379281,0.2592078013382251,-0.2047844918255649,-1.2039749470443957,0.3025,0.0395,0.2245,0.2475,0.1055,0.0,0.6975,136.653,75.09459095700569,82,23.402439024390244,0.048780487804878,70,0.1255,0.098,0.1035,0.1065,0.129,0.139,0.148,0.1505,1,24.390243902439025,5.468341474749759,0.3096766856668322,1,-0.09207889588681961
anomaly_binary_046,1919,7.82884743864793,7.037490174053787,0.1582302006031783,0.5215754747253785,-0.2298184017095817,-1.1991321527446277,0.2912975508077123,0.0474205315268368,0.2339760291818655,0.2386659718603439,0.0901511203751954,0.0,0.7087024491922876,137.08389786347055,75.35060829290966,81,22.703703703703702,0.037037037037037,93,0.1271495570609692,0.0937988535695674,0.1083897863470557,0.0911933298593017,0.133402813965607,0.1433038040646169,0.1521625846795206,0.1505992704533611,1,23.691358024691358,5.548323354122556,0.3712481067831997,1,-0.06842830340030281
anomaly_binary_048,1040,7.742401161518703,6.391363183937495,1.445797680523924,3.646708093706189,-0.1407883674592702,-1.1994290376870893,0.2971153846153846,0.0461538461538461,0.2182692307692307,0.2375,0.1,0.0,0.7028846153846153,131.73365384615386,74.93677605742175,60,16.35,0.0,71,0.1490384615384615,0.0846153846153846,0.1038461538461538,0.1125,0.1490384615384615,0.1278846153846153,0.1442307692307692,0.1288461538461538,1,17.333333333333332,5.442014662567473,0.3573415920700936,1,-0.1781958246251898
anomaly_binary_050,2432,7.848448839854005,7.074750166354299,0.1806033142817765,0.668773486252066,-0.2219551378467039,-1.199245400892085,0.2853618421052631,0.046875,0.21875,0.2368421052631578,0.0966282894736842,0.0,0.7146381578947368,135.94613486842104,76.05417569937076,101,23.08910891089109,0.0594059405940594,83,0.1385690789473684,0.0912828947368421,0.0990953947368421,0.0995065789473684,0.1328125,0.140625,0.1484375,0.1496710526315789,1,24.07920792079208,5.608801021244351,0.3678960393681565,1,-0.06924433920831219
anomaly_binary_052,1088,7.72599202631541,6.845983030029866,0.5174741102152032,1.341529589725436,-0.2449413155171912,-1.2451599785480112,0.2601102941176471,0.0459558823529411,0.2150735294117647,0.2435661764705882,0.0854779411764705,0.0,0.7398897058823529,136.45955882352942,78.06367723049267,62,16.56451612903226,0.0806451612903225,63,0.1544117647058823,0.0863970588235294,0.0928308823529411,0.0836397058823529,0.135110294117647,0.1397058823529411,0.1470588235294117,0.1608455882352941,1,17.548387096774192,5.716381967999912,0.355054780621112,1,-0.12799023367192885
anomaly_binary_054,1348,7.790710933259569,6.932281430685575,0.4707506479023097,1.318290263500292,-0.2390482733261192,-1.2096783765791497,0.2893175074183976,0.0482195845697329,0.2240356083086053,0.2477744807121661,0.1008902077151335,0.0,0.7106824925816023,137.33827893175075,75.20896578682215,66,19.439393939393938,0.0454545454545454,68,0.129080118694362,0.0971810089020771,0.0986646884272997,0.0956973293768546,0.1275964391691394,0.1468842729970326,0.1580118694362017,0.1468842729970326,1,20.424242424242426,5.536721865031652,0.37566484470465256,1,-0.08526600473602453
anomaly_binary_056,1934,7.848367953464183,7.078395121220881,0.1558727698760506,0.5473520827028997,-0.2118746681581064,-1.2226204837287171,0.2864529472595656,0.0372285418821096,0.2269906928645294,0.2388831437435367,0.0961737331954498,0.0,0.7135470527404343,134.56876938986557,75.83273773608411,94,19.58510638297872,0.0744680851063829,71,0.1458117890382626,0.0868665977249224,0.1044467425025853,0.0992761116856256,0.1318510858324715,0.1380558428128231,0.1535677352637021,0.140124095139607,1,20.574468085106382,5.600179822016842,0.2921832950617481,1,-0.09317877646361428
anomaly_pattern_051,6585,5.304393479963484,5.19793498212058,0.0405524767546195,0.1662612621583958,-0.3797072319055187,0.1511266485477338,0.9930144267274108,0.307213363705391,0.614123006833713,0.0,0.0716780561883067,0.0,0.0069855732725892,66.86317388003037,14.26947360425152,47,139.12765957446808,0.0,218,0.0069855732725892,0.3788914198936978,0.614123006833713,0.0,0.0,0.0,0.0,0.0,1,140.10638297872342,0.03705422932092933,1.6295805633965263,1,-0.06140537378454214
anomaly_pattern_053,4480,5.31136206047425,5.194304741561968,0.0401012131905631,0.1605117828971547,-0.3951450490345395,0.0568924694443393,0.9935267857142858,0.2975446428571429,0.6227678571428571,0.0,0.0732142857142857,0.0,0.0064732142857142,67.20446428571428,14.309982706843256,30,148.36666666666667,0.0,223,0.0064732142857142,0.3707589285714285,0.6227678571428571,0.0,0.0,0.0,0.0,0.0,1,149.33333333333334,0.03438158476646233,1.5803673273687893,1,-0.05681896807348086
anomaly_pattern_055,5394,5.296264912216182,5.132810382715329,0.2614617712861034,1.2915135031633491,-0.3296105370966432,0.04377854249263,0.993140526510938,0.3186874304783092,0.6002966258806081,0.0,0.0741564701520207,0.0,0.0068594734890619,66.51408972932889,14.357965502613007,38,140.97368421052633,0.0,228,0.0068594734890619,0.39284390063033,0.6002966258806081,0.0,0.0,0.0,0.0,0.0,1,141.94736842105263,0.03632958875639565,1.6878530560066027,1,-0.08251607279081119
anomaly_pattern_057,6043,5.308291767874052,5.196161330062779,0.027990244472999,0.1215168570745053,-0.4279552389527807,0.2119600800988244,0.9928843289756744,0.2976998179712063,0.625186165811683,0.0,0.069998345192785,0.0,0.0071156710243256,67.11236140989574,14.258869439880964,44,136.36363636363637,0.0,228,0.0071156710243256,0.3676981631639914,0.625186165811683,0.0,0.0,0.0,0.0,0.0,1,137.3409090909091,0.037772057921327505,1.5802774930341583,1,-0.07575888610803483
anomaly_pattern_059,4923,5.307372410300332,5.176674591516517,0.0934892209714371,0.448873522420377,-0.398969148120781,0.0807134347971065,0.993499898435913,0.2941295957749339,0.6268535445866341,0.0,0.0725167580743449,0.0,0.0065001015640869,67.24436319317489,14.29118152584146,33,148.21212121212122,0.0,213,0.0065001015640869,0.3666463538492789,0.6268535445866341,0.0,0.0,0.0,0.0,0.0,1,149.1818181818182,0.03449845970538485,1.5610553016686735,1,-0.05499804928512775
anomaly_pattern_061,4368,5.302385489083182,5.103762712844057,0.3600916524864203,1.6383883515313231,-0.3343180541305821,-0.0376969974665191,0.993360805860806,0.3081501831501831,0.6043956043956044,0.0,0.0808150183150183,0.0,0.0066391941391941,66.72664835164835,14.470837306672925,30,144.63333333333333,0.0,210,0.0066391941391941,0.3889652014652014,0.6043956043956044,0.0,0.0,0.0,0.0,0.0,1,145.6,0.035203566662868904,1.6339310595938559,1,-0.08686336379691117
anomaly_pattern_063,6694,5.304931752958316,5.166032809168663,0.1161087114445007,0.6436136355243702,-0.395876672194928,0.116532481843711,0.9931281744846132,0.3059456229459217,0.6220495966537197,0.0,0.0651329548849716,0.0,0.0068718255153869,67.22871227965342,14.356940034132917,47,141.4468085106383,0.0,225,0.0068718255153869,0.3710785778308933,0.6220495966537197,0.0,0.0,0.0,0.0,0.0,1,142.4255319148936,0.036454565377365106,1.6230206498444324,1,-0.05724360442332721
